Jan-18,Alabama,4
Jan-18,Alaska,6.3
Jan-18,Arizona,4.8
Jan-18,Arkansas,3.8
Jan-18,California,4.4
Jan-18,Colorado,2.8
Jan-18,Connecticut,4.2
Jan-18,Delaware,4.2
Jan-18,District of Columbia,5.9
Jan-18,Florida,4
Jan-18,Georgia,4.3
Jan-18,Hawaii,2.1
Jan-18,Idaho,3
Jan-18,Illinois,4.5
Jan-18,Indiana,3.3
Jan-18,Iowa,2.7
Jan-18,Kansas,3.4
Jan-18,Kentucky,4.2
Jan-18,Louisiana,4.7
Jan-18,Maine,3
Jan-18,Maryland,3.9
Jan-18,Massachusetts,3.7
Jan-18,Michigan,4.5
Jan-18,Minnesota,3.2
Jan-18,Mississippi,4.9
Jan-18,Missouri,3.5
Jan-18,Montana,3.9
Jan-18,Nebraska,2.9
Jan-18,Nevada,4.9
Jan-18,New Hampshire,2.7
Jan-18,New Jersey,4.4
Jan-18,New Mexico,5.2
Jan-18,New York,4.5
Jan-18,North Carolina,4.2
Jan-18,North Dakota,2.6
Jan-18,Ohio,4.6
Jan-18,Oklahoma,3.7
Jan-18,Oregon,4.1
Jan-18,Pennsylvania,4.8
Jan-18,Rhode Island,4.5
Jan-18,South Carolina,3.9
Jan-18,South Dakota,2.9
Jan-18,Tennessee,3.5
Jan-18,Texas,4.1
Jan-18,Utah,3
Jan-18,Vermont,3
Jan-18,Virginia,3.3
Jan-18,Washington,4.6
Jan-18,West Virginia,5.4
Jan-18,Wisconsin,2.9
Jan-18,Wyoming,4.2
Jan-18,Puerto Rico,10.4
Feb-18,Alabama,4
Feb-18,Alaska,6.2
Feb-18,Arizona,4.8
Feb-18,Arkansas,3.7
Feb-18,California,4.3
Feb-18,Colorado,2.9
Feb-18,Connecticut,4.2
Feb-18,Delaware,4.1
Feb-18,District of Columbia,5.9
Feb-18,Florida,3.9
Feb-18,Georgia,4.3
Feb-18,Hawaii,2.2
Feb-18,Idaho,2.9
Feb-18,Illinois,4.4
Feb-18,Indiana,3.3
Feb-18,Iowa,2.7
Feb-18,Kansas,3.3
Feb-18,Kentucky,4.2
Feb-18,Louisiana,4.8
Feb-18,Maine,3
Feb-18,Maryland,3.8
Feb-18,Massachusetts,3.6
Feb-18,Michigan,4.4
Feb-18,Minnesota,3.2
Feb-18,Mississippi,4.9
Feb-18,Missouri,3.4
Feb-18,Montana,3.9
Feb-18,Nebraska,2.9
Feb-18,Nevada,4.8
Feb-18,New Hampshire,2.7
Feb-18,New Jersey,4.3
Feb-18,New Mexico,5.1
Feb-18,New York,4.4
Feb-18,North Carolina,4.1
Feb-18,North Dakota,2.6
Feb-18,Ohio,4.5
Feb-18,Oklahoma,3.6
Feb-18,Oregon,4
Feb-18,Pennsylvania,4.7
Feb-18,Rhode Island,4.3
Feb-18,South Carolina,3.7
Feb-18,South Dakota,2.9
Feb-18,Tennessee,3.5
Feb-18,Texas,4
Feb-18,Utah,3
Feb-18,Vermont,2.9
Feb-18,Virginia,3.2
Feb-18,Washington,4.5
Feb-18,West Virginia,5.4
Feb-18,Wisconsin,2.9
Feb-18,Wyoming,4.1
Feb-18,Puerto Rico,10.2
Mar-18,Alabama,4
Mar-18,Alaska,6.1
Mar-18,Arizona,4.7
Mar-18,Arkansas,3.7
Mar-18,California,4.3
Mar-18,Colorado,2.9
Mar-18,Connecticut,4.1
Mar-18,Delaware,4
Mar-18,District of Columbia,5.8
Mar-18,Florida,3.9
Mar-18,Georgia,4.2
Mar-18,Hawaii,2.3
Mar-18,Idaho,2.9
Mar-18,Illinois,4.4
Mar-18,Indiana,3.3
Mar-18,Iowa,2.6
Mar-18,Kansas,3.3
Mar-18,Kentucky,4.2
Mar-18,Louisiana,4.8
Mar-18,Maine,2.9
Mar-18,Maryland,3.7
Mar-18,Massachusetts,3.6
Mar-18,Michigan,4.3
Mar-18,Minnesota,3.1
Mar-18,Mississippi,4.9
Mar-18,Missouri,3.3
Mar-18,Montana,3.8
Mar-18,Nebraska,2.9
Mar-18,Nevada,4.7
Mar-18,New Hampshire,2.7
Mar-18,New Jersey,4.2
Mar-18,New Mexico,5
Mar-18,New York,4.3
Mar-18,North Carolina,4
Mar-18,North Dakota,2.5
Mar-18,Ohio,4.5
Mar-18,Oklahoma,3.5
Mar-18,Oregon,4
Mar-18,Pennsylvania,4.6
Mar-18,Rhode Island,4.2
Mar-18,South Carolina,3.5
Mar-18,South Dakota,2.9
Mar-18,Tennessee,3.5
Mar-18,Texas,4
Mar-18,Utah,3
Mar-18,Vermont,2.9
Mar-18,Virginia,3.1
Mar-18,Washington,4.5
Mar-18,West Virginia,5.4
Mar-18,Wisconsin,2.9
Mar-18,Wyoming,4
Mar-18,Puerto Rico,9.9
Apr-18,Alabama,4
Apr-18,Alaska,6
Apr-18,Arizona,4.7
Apr-18,Arkansas,3.6
Apr-18,California,4.2
Apr-18,Colorado,2.9
Apr-18,Connecticut,4
Apr-18,Delaware,3.9
Apr-18,District of Columbia,5.8
Apr-18,Florida,3.8
Apr-18,Georgia,4.1
Apr-18,Hawaii,2.4
Apr-18,Idaho,2.8
Apr-18,Illinois,4.3
Apr-18,Indiana,3.3
Apr-18,Iowa,2.5
Apr-18,Kansas,3.3
Apr-18,Kentucky,4.2
Apr-18,Louisiana,4.9
Apr-18,Maine,3
Apr-18,Maryland,3.6
Apr-18,Massachusetts,3.5
Apr-18,Michigan,4.1
Apr-18,Minnesota,3.1
Apr-18,Mississippi,4.9
Apr-18,Missouri,3.2
Apr-18,Montana,3.8
Apr-18,Nebraska,2.8
Apr-18,Nevada,4.5
Apr-18,New Hampshire,2.7
Apr-18,New Jersey,4.2
Apr-18,New Mexico,4.9
Apr-18,New York,4.2
Apr-18,North Carolina,4
Apr-18,North Dakota,2.5
Apr-18,Ohio,4.5
Apr-18,Oklahoma,3.4
Apr-18,Oregon,3.9
Apr-18,Pennsylvania,4.5
Apr-18,Rhode Island,4.1
Apr-18,South Carolina,3.3
Apr-18,South Dakota,2.8
Apr-18,Tennessee,3.5
Apr-18,Texas,4
Apr-18,Utah,3
Apr-18,Vermont,2.8
Apr-18,Virginia,3
Apr-18,Washington,4.4
Apr-18,West Virginia,5.3
Apr-18,Wisconsin,3
Apr-18,Wyoming,4
Apr-18,Puerto Rico,9.7
May-18,Alabama,3.9
May-18,Alaska,5.9
May-18,Arizona,4.7
May-18,Arkansas,3.6
May-18,California,4.2
May-18,Colorado,3
May-18,Connecticut,4
May-18,Delaware,3.8
May-18,District of Columbia,5.7
May-18,Florida,3.7
May-18,Georgia,4
May-18,Hawaii,2.4
May-18,Idaho,2.8
May-18,Illinois,4.3
May-18,Indiana,3.4
May-18,Iowa,2.5
May-18,Kansas,3.2
May-18,Kentucky,4.2
May-18,Louisiana,4.9
May-18,Maine,3
May-18,Maryland,3.6
May-18,Massachusetts,3.5
May-18,Michigan,4.1
May-18,Minnesota,3
May-18,Mississippi,4.9
May-18,Missouri,3.1
May-18,Montana,3.8
May-18,Nebraska,2.8
May-18,Nevada,4.3
May-18,New Hampshire,2.7
May-18,New Jersey,4.1
May-18,New Mexico,4.8
May-18,New York,4.1
May-18,North Carolina,3.9
May-18,North Dakota,2.4
May-18,Ohio,4.5
May-18,Oklahoma,3.3
May-18,Oregon,3.9
May-18,Pennsylvania,4.4
May-18,Rhode Island,4
May-18,South Carolina,3.3
May-18,South Dakota,2.8
May-18,Tennessee,3.5
May-18,Texas,3.9
May-18,Utah,2.9
May-18,Vermont,2.7
May-18,Virginia,2.9
May-18,Washington,4.4
May-18,West Virginia,5.2
May-18,Wisconsin,3
May-18,Wyoming,4
May-18,Puerto Rico,9.5
Jun-18,Alabama,3.9
Jun-18,Alaska,5.9
Jun-18,Arizona,4.7
Jun-18,Arkansas,3.6
Jun-18,California,4.2
Jun-18,Colorado,3.1
Jun-18,Connecticut,3.9
Jun-18,Delaware,3.7
Jun-18,District of Columbia,5.6
Jun-18,Florida,3.7
Jun-18,Georgia,4
Jun-18,Hawaii,2.4
Jun-18,Idaho,2.8
Jun-18,Illinois,4.2
Jun-18,Indiana,3.4
Jun-18,Iowa,2.4
Jun-18,Kansas,3.2
Jun-18,Kentucky,4.2
Jun-18,Louisiana,4.9
Jun-18,Maine,3.1
Jun-18,Maryland,3.6
Jun-18,Massachusetts,3.5
Jun-18,Michigan,4
Jun-18,Minnesota,3
Jun-18,Mississippi,4.9
Jun-18,Missouri,3
Jun-18,Montana,3.7
Jun-18,Nebraska,2.8
Jun-18,Nevada,4.2
Jun-18,New Hampshire,2.6
Jun-18,New Jersey,4
Jun-18,New Mexico,4.7
Jun-18,New York,4
Jun-18,North Carolina,3.9
Jun-18,North Dakota,2.3
Jun-18,Ohio,4.5
Jun-18,Oklahoma,3.2
Jun-18,Oregon,3.9
Jun-18,Pennsylvania,4.4
Jun-18,Rhode Island,4
Jun-18,South Carolina,3.3
Jun-18,South Dakota,2.8
Jun-18,Tennessee,3.5
Jun-18,Texas,3.9
Jun-18,Utah,2.9
Jun-18,Vermont,2.6
Jun-18,Virginia,2.8
Jun-18,Washington,4.3
Jun-18,West Virginia,5.2
Jun-18,Wisconsin,3
Jun-18,Wyoming,4
Jun-18,Puerto Rico,9.2
Jul-18,Alabama,3.9
Jul-18,Alaska,5.9
Jul-18,Arizona,4.7
Jul-18,Arkansas,3.5
Jul-18,California,4.2
Jul-18,Colorado,3.1
Jul-18,Connecticut,3.9
Jul-18,Delaware,3.7
Jul-18,District of Columbia,5.4
Jul-18,Florida,3.6
Jul-18,Georgia,3.9
Jul-18,Hawaii,2.4
Jul-18,Idaho,2.8
Jul-18,Illinois,4.3
Jul-18,Indiana,3.4
Jul-18,Iowa,2.4
Jul-18,Kansas,3.2
Jul-18,Kentucky,4.2
Jul-18,Louisiana,4.8
Jul-18,Maine,3.2
Jul-18,Maryland,3.6
Jul-18,Massachusetts,3.4
Jul-18,Michigan,4
Jul-18,Minnesota,3
Jul-18,Mississippi,4.8
Jul-18,Missouri,3
Jul-18,Montana,3.7
Jul-18,Nebraska,2.9
Jul-18,Nevada,4
Jul-18,New Hampshire,2.6
Jul-18,New Jersey,4
Jul-18,New Mexico,4.7
Jul-18,New York,4
Jul-18,North Carolina,3.9
Jul-18,North Dakota,2.2
Jul-18,Ohio,4.5
Jul-18,Oklahoma,3.1
Jul-18,Oregon,3.9
Jul-18,Pennsylvania,4.3
Jul-18,Rhode Island,3.9
Jul-18,South Carolina,3.3
Jul-18,South Dakota,2.7
Jul-18,Tennessee,3.5
Jul-18,Texas,3.9
Jul-18,Utah,2.9
Jul-18,Vermont,2.6
Jul-18,Virginia,2.8
Jul-18,Washington,4.3
Jul-18,West Virginia,5.1
Jul-18,Wisconsin,3
Jul-18,Wyoming,4.1
Jul-18,Puerto Rico,9
Aug-18,Alabama,3.9
Aug-18,Alaska,5.8
Aug-18,Arizona,4.8
Aug-18,Arkansas,3.5
Aug-18,California,4.2
Aug-18,Colorado,3.1
Aug-18,Connecticut,3.8
Aug-18,Delaware,3.6
Aug-18,District of Columbia,5.4
Aug-18,Florida,3.6
Aug-18,Georgia,3.9
Aug-18,Hawaii,2.3
Aug-18,Idaho,2.9
Aug-18,Illinois,4.3
Aug-18,Indiana,3.5
Aug-18,Iowa,2.5
Aug-18,Kansas,3.2
Aug-18,Kentucky,4.2
Aug-18,Louisiana,4.8
Aug-18,Maine,3.2
Aug-18,Maryland,3.6
Aug-18,Massachusetts,3.4
Aug-18,Michigan,4.1
Aug-18,Minnesota,3
Aug-18,Mississippi,4.9
Aug-18,Missouri,3
Aug-18,Montana,3.7
Aug-18,Nebraska,2.9
Aug-18,Nevada,4
Aug-18,New Hampshire,2.6
Aug-18,New Jersey,3.9
Aug-18,New Mexico,4.7
Aug-18,New York,3.9
Aug-18,North Carolina,4
Aug-18,North Dakota,2.2
Aug-18,Ohio,4.4
Aug-18,Oklahoma,3.1
Aug-18,Oregon,4
Aug-18,Pennsylvania,4.3
Aug-18,Rhode Island,4
Aug-18,South Carolina,3.3
Aug-18,South Dakota,2.7
Aug-18,Tennessee,3.5
Aug-18,Texas,3.8
Aug-18,Utah,2.9
Aug-18,Vermont,2.5
Aug-18,Virginia,2.7
Aug-18,Washington,4.3
Aug-18,West Virginia,5
Aug-18,Wisconsin,3
Aug-18,Wyoming,4.1
Aug-18,Puerto Rico,8.7
Sep-18,Alabama,3.9
Sep-18,Alaska,5.8
Sep-18,Arizona,4.9
Sep-18,Arkansas,3.6
Sep-18,California,4.2
Sep-18,Colorado,3.1
Sep-18,Connecticut,3.8
Sep-18,Delaware,3.6
Sep-18,District of Columbia,5.4
Sep-18,Florida,3.5
Sep-18,Georgia,3.9
Sep-18,Hawaii,2.3
Sep-18,Idaho,2.9
Sep-18,Illinois,4.4
Sep-18,Indiana,3.5
Sep-18,Iowa,2.5
Sep-18,Kansas,3.3
Sep-18,Kentucky,4.2
Sep-18,Louisiana,4.8
Sep-18,Maine,3.3
Sep-18,Maryland,3.7
Sep-18,Massachusetts,3.3
Sep-18,Michigan,4.1
Sep-18,Minnesota,3.1
Sep-18,Mississippi,4.9
Sep-18,Missouri,3
Sep-18,Montana,3.7
Sep-18,Nebraska,3
Sep-18,Nevada,4.1
Sep-18,New Hampshire,2.6
Sep-18,New Jersey,3.8
Sep-18,New Mexico,4.8
Sep-18,New York,3.9
Sep-18,North Carolina,4
Sep-18,North Dakota,2.2
Sep-18,Ohio,4.5
Sep-18,Oklahoma,3.1
Sep-18,Oregon,4.1
Sep-18,Pennsylvania,4.3
Sep-18,Rhode Island,4
Sep-18,South Carolina,3.3
Sep-18,South Dakota,2.7
Sep-18,Tennessee,3.5
Sep-18,Texas,3.8
Sep-18,Utah,2.9
Sep-18,Vermont,2.4
Sep-18,Virginia,2.8
Sep-18,Washington,4.4
Sep-18,West Virginia,5
Sep-18,Wisconsin,3
Sep-18,Wyoming,4.1
Sep-18,Puerto Rico,8.5
Oct-18,Alabama,3.9
Oct-18,Alaska,5.9
Oct-18,Arizona,4.9
Oct-18,Arkansas,3.6
Oct-18,California,4.3
Oct-18,Colorado,3.1
Oct-18,Connecticut,3.8
Oct-18,Delaware,3.5
Oct-18,District of Columbia,5.5
Oct-18,Florida,3.5
Oct-18,Georgia,3.9
Oct-18,Hawaii,2.4
Oct-18,Idaho,3
Oct-18,Illinois,4.4
Oct-18,Indiana,3.5
Oct-18,Iowa,2.5
Oct-18,Kansas,3.3
Oct-18,Kentucky,4.2
Oct-18,Louisiana,4.8
Oct-18,Maine,3.3
Oct-18,Maryland,3.7
Oct-18,Massachusetts,3.3
Oct-18,Michigan,4.2
Oct-18,Minnesota,3.2
Oct-18,Mississippi,5.1
Oct-18,Missouri,3.1
Oct-18,Montana,3.7
Oct-18,Nebraska,3
Oct-18,Nevada,4.2
Oct-18,New Hampshire,2.6
Oct-18,New Jersey,3.7
Oct-18,New Mexico,4.9
Oct-18,New York,3.9
Oct-18,North Carolina,4.1
Oct-18,North Dakota,2.3
Oct-18,Ohio,4.5
Oct-18,Oklahoma,3.1
Oct-18,Oregon,4.2
Oct-18,Pennsylvania,4.3
Oct-18,Rhode Island,4
Oct-18,South Carolina,3.3
Oct-18,South Dakota,2.7
Oct-18,Tennessee,3.5
Oct-18,Texas,3.8
Oct-18,Utah,2.9
Oct-18,Vermont,2.4
Oct-18,Virginia,2.9
Oct-18,Washington,4.5
Oct-18,West Virginia,5
Oct-18,Wisconsin,3
Oct-18,Wyoming,4.1
Oct-18,Puerto Rico,8.3
Nov-18,Alabama,3.8
Nov-18,Alaska,5.9
Nov-18,Arizona,5
Nov-18,Arkansas,3.7
Nov-18,California,4.3
Nov-18,Colorado,3.1
Nov-18,Connecticut,3.8
Nov-18,Delaware,3.6
Nov-18,District of Columbia,5.7
Nov-18,Florida,3.6
Nov-18,Georgia,3.9
Nov-18,Hawaii,2.5
Nov-18,Idaho,3
Nov-18,Illinois,4.5
Nov-18,Indiana,3.5
Nov-18,Iowa,2.5
Nov-18,Kansas,3.3
Nov-18,Kentucky,4.2
Nov-18,Louisiana,4.8
Nov-18,Maine,3.2
Nov-18,Maryland,3.6
Nov-18,Massachusetts,3.3
Nov-18,Michigan,4.2
Nov-18,Minnesota,3.4
Nov-18,Mississippi,5.2
Nov-18,Missouri,3.1
Nov-18,Montana,3.7
Nov-18,Nebraska,3
Nov-18,Nevada,4.3
Nov-18,New Hampshire,2.6
Nov-18,New Jersey,3.6
Nov-18,New Mexico,5
Nov-18,New York,4
Nov-18,North Carolina,4.1
Nov-18,North Dakota,2.3
Nov-18,Ohio,4.5
Nov-18,Oklahoma,3.2
Nov-18,Oregon,4.2
Nov-18,Pennsylvania,4.4
Nov-18,Rhode Island,4
Nov-18,South Carolina,3.3
Nov-18,South Dakota,2.8
Nov-18,Tennessee,3.5
Nov-18,Texas,3.8
Nov-18,Utah,2.9
Nov-18,Vermont,2.3
Nov-18,Virginia,2.9
Nov-18,Washington,4.6
Nov-18,West Virginia,5.1
Nov-18,Wisconsin,3
Nov-18,Wyoming,4
Nov-18,Puerto Rico,8.3
Dec-18,Alabama,3.8
Dec-18,Alaska,5.9
Dec-18,Arizona,5
Dec-18,Arkansas,3.7
Dec-18,California,4.3
Dec-18,Colorado,3
Dec-18,Connecticut,3.7
Dec-18,Delaware,3.6
Dec-18,District of Columbia,5.8
Dec-18,Florida,3.6
Dec-18,Georgia,3.9
Dec-18,Hawaii,2.6
Dec-18,Idaho,3
Dec-18,Illinois,4.5
Dec-18,Indiana,3.5
Dec-18,Iowa,2.5
Dec-18,Kansas,3.3
Dec-18,Kentucky,4.2
Dec-18,Louisiana,4.8
Dec-18,Maine,3.1
Dec-18,Maryland,3.6
Dec-18,Massachusetts,3.3
Dec-18,Michigan,4.2
Dec-18,Minnesota,3.4
Dec-18,Mississippi,5.3
Dec-18,Missouri,3.2
Dec-18,Montana,3.6
Dec-18,Nebraska,3
Dec-18,Nevada,4.5
Dec-18,New Hampshire,2.6
Dec-18,New Jersey,3.6
Dec-18,New Mexico,5.1
Dec-18,New York,4
Dec-18,North Carolina,4
Dec-18,North Dakota,2.3
Dec-18,Ohio,4.5
Dec-18,Oklahoma,3.2
Dec-18,Oregon,4.2
Dec-18,Pennsylvania,4.4
Dec-18,Rhode Island,3.9
Dec-18,South Carolina,3.3
Dec-18,South Dakota,2.8
Dec-18,Tennessee,3.5
Dec-18,Texas,3.8
Dec-18,Utah,2.8
Dec-18,Vermont,2.3
Dec-18,Virginia,3
Dec-18,Washington,4.6
Dec-18,West Virginia,5.1
Dec-18,Wisconsin,3
Dec-18,Wyoming,3.9
Dec-18,Puerto Rico,8.4
Jan-19,Alabama,3.7
Jan-19,Alaska,5.8
Jan-19,Arizona,5
Jan-19,Arkansas,3.6
Jan-19,California,4.3
Jan-19,Colorado,2.9
Jan-19,Connecticut,3.7
Jan-19,Delaware,3.6
Jan-19,District of Columbia,5.9
Jan-19,Florida,3.5
Jan-19,Georgia,3.9
Jan-19,Hawaii,2.7
Jan-19,Idaho,3
Jan-19,Illinois,4.5
Jan-19,Indiana,3.5
Jan-19,Iowa,2.5
Jan-19,Kansas,3.3
Jan-19,Kentucky,4.2
Jan-19,Louisiana,4.8
Jan-19,Maine,3
Jan-19,Maryland,3.5
Jan-19,Massachusetts,3.2
Jan-19,Michigan,4.2
Jan-19,Minnesota,3.4
Jan-19,Mississippi,5.3
Jan-19,Missouri,3.2
Jan-19,Montana,3.6
Jan-19,Nebraska,3
Jan-19,Nevada,4.5
Jan-19,New Hampshire,2.6
Jan-19,New Jersey,3.5
Jan-19,New Mexico,5.2
Jan-19,New York,3.9
Jan-19,North Carolina,3.9
Jan-19,North Dakota,2.3
Jan-19,Ohio,4.4
Jan-19,Oklahoma,3.2
Jan-19,Oregon,4.2
Jan-19,Pennsylvania,4.4
Jan-19,Rhode Island,3.8
Jan-19,South Carolina,3.2
Jan-19,South Dakota,2.8
Jan-19,Tennessee,3.5
Jan-19,Texas,3.7
Jan-19,Utah,2.8
Jan-19,Vermont,2.2
Jan-19,Virginia,3
Jan-19,Washington,4.7
Jan-19,West Virginia,5
Jan-19,Wisconsin,3
Jan-19,Wyoming,3.7
Jan-19,Puerto Rico,8.6
Feb-19,Alabama,3.6
Feb-19,Alaska,5.7
Feb-19,Arizona,4.9
Feb-19,Arkansas,3.5
Feb-19,California,4.2
Feb-19,Colorado,2.8
Feb-19,Connecticut,3.6
Feb-19,Delaware,3.6
Feb-19,District of Columbia,5.9
Feb-19,Florida,3.5
Feb-19,Georgia,3.8
Feb-19,Hawaii,2.8
Feb-19,Idaho,3
Feb-19,Illinois,4.5
Feb-19,Indiana,3.4
Feb-19,Iowa,2.5
Feb-19,Kansas,3.2
Feb-19,Kentucky,4.1
Feb-19,Louisiana,4.7
Feb-19,Maine,2.9
Feb-19,Maryland,3.3
Feb-19,Massachusetts,3.2
Feb-19,Michigan,4.2
Feb-19,Minnesota,3.4
Feb-19,Mississippi,5.3
Feb-19,Missouri,3.2
Feb-19,Montana,3.5
Feb-19,Nebraska,3
Feb-19,Nevada,4.5
Feb-19,New Hampshire,2.6
Feb-19,New Jersey,3.4
Feb-19,New Mexico,5.2
Feb-19,New York,3.9
Feb-19,North Carolina,3.9
Feb-19,North Dakota,2.3
Feb-19,Ohio,4.2
Feb-19,Oklahoma,3.1
Feb-19,Oregon,4
Feb-19,Pennsylvania,4.4
Feb-19,Rhode Island,3.6
Feb-19,South Carolina,3.2
Feb-19,South Dakota,2.8
Feb-19,Tennessee,3.4
Feb-19,Texas,3.6
Feb-19,Utah,2.7
Feb-19,Vermont,2.2
Feb-19,Virginia,3
Feb-19,Washington,4.6
Feb-19,West Virginia,4.9
Feb-19,Wisconsin,3
Feb-19,Wyoming,3.5
Feb-19,Puerto Rico,8.7
Mar-19,Alabama,3.4
Mar-19,Alaska,5.6
Mar-19,Arizona,4.9
Mar-19,Arkansas,3.4
Mar-19,California,4.2
Mar-19,Colorado,2.7
Mar-19,Connecticut,3.6
Mar-19,Delaware,3.6
Mar-19,District of Columbia,5.8
Mar-19,Florida,3.4
Mar-19,Georgia,3.7
Mar-19,Hawaii,2.9
Mar-19,Idaho,2.9
Mar-19,Illinois,4.3
Mar-19,Indiana,3.3
Mar-19,Iowa,2.5
Mar-19,Kansas,3.1
Mar-19,Kentucky,4.1
Mar-19,Louisiana,4.5
Mar-19,Maine,2.7
Mar-19,Maryland,3.2
Mar-19,Massachusetts,3.1
Mar-19,Michigan,4.1
Mar-19,Minnesota,3.4
Mar-19,Mississippi,5.3
Mar-19,Missouri,3.1
Mar-19,Montana,3.5
Mar-19,Nebraska,3
Mar-19,Nevada,4.4
Mar-19,New Hampshire,2.5
Mar-19,New Jersey,3.3
Mar-19,New Mexico,5.1
Mar-19,New York,3.8
Mar-19,North Carolina,3.8
Mar-19,North Dakota,2.2
Mar-19,Ohio,4.1
Mar-19,Oklahoma,3.1
Mar-19,Oregon,3.9
Mar-19,Pennsylvania,4.4
Mar-19,Rhode Island,3.5
Mar-19,South Carolina,3.2
Mar-19,South Dakota,2.8
Mar-19,Tennessee,3.4
Mar-19,Texas,3.5
Mar-19,Utah,2.7
Mar-19,Vermont,2.1
Mar-19,Virginia,3
Mar-19,Washington,4.6
Mar-19,West Virginia,4.8
Mar-19,Wisconsin,3.1
Mar-19,Wyoming,3.4
Mar-19,Puerto Rico,8.6
Apr-19,Alabama,3.2
Apr-19,Alaska,5.5
Apr-19,Arizona,4.8
Apr-19,Arkansas,3.4
Apr-19,California,4.1
Apr-19,Colorado,2.6
Apr-19,Connecticut,3.5
Apr-19,Delaware,3.6
Apr-19,District of Columbia,5.6
Apr-19,Florida,3.4
Apr-19,Georgia,3.7
Apr-19,Hawaii,2.9
Apr-19,Idaho,2.9
Apr-19,Illinois,4.1
Apr-19,Indiana,3.2
Apr-19,Iowa,2.5
Apr-19,Kansas,3.1
Apr-19,Kentucky,4.1
Apr-19,Louisiana,4.4
Apr-19,Maine,2.6
Apr-19,Maryland,3.1
Apr-19,Massachusetts,3.1
Apr-19,Michigan,4.1
Apr-19,Minnesota,3.3
Apr-19,Mississippi,5.3
Apr-19,Missouri,3
Apr-19,Montana,3.5
Apr-19,Nebraska,2.9
Apr-19,Nevada,4.2
Apr-19,New Hampshire,2.5
Apr-19,New Jersey,3.2
Apr-19,New Mexico,5
Apr-19,New York,3.7
Apr-19,North Carolina,3.7
Apr-19,North Dakota,2.2
Apr-19,Ohio,4
Apr-19,Oklahoma,3
Apr-19,Oregon,3.8
Apr-19,Pennsylvania,4.4
Apr-19,Rhode Island,3.4
Apr-19,South Carolina,3.1
Apr-19,South Dakota,2.8
Apr-19,Tennessee,3.4
Apr-19,Texas,3.5
Apr-19,Utah,2.6
Apr-19,Vermont,2.1
Apr-19,Virginia,2.8
Apr-19,Washington,4.5
Apr-19,West Virginia,4.8
Apr-19,Wisconsin,3.1
Apr-19,Wyoming,3.3
Apr-19,Puerto Rico,8.4
May-19,Alabama,3.1
May-19,Alaska,5.5
May-19,Arizona,4.8
May-19,Arkansas,3.4
May-19,California,4.1
May-19,Colorado,2.5
May-19,Connecticut,3.5
May-19,Delaware,3.7
May-19,District of Columbia,5.4
May-19,Florida,3.3
May-19,Georgia,3.6
May-19,Hawaii,2.8
May-19,Idaho,2.9
May-19,Illinois,4
May-19,Indiana,3.2
May-19,Iowa,2.5
May-19,Kansas,3.1
May-19,Kentucky,4.1
May-19,Louisiana,4.3
May-19,Maine,2.6
May-19,Maryland,3.1
May-19,Massachusetts,3.1
May-19,Michigan,4.1
May-19,Minnesota,3.3
May-19,Mississippi,5.4
May-19,Missouri,2.9
May-19,Montana,3.5
May-19,Nebraska,2.9
May-19,Nevada,3.9
May-19,New Hampshire,2.5
May-19,New Jersey,3.2
May-19,New Mexico,4.9
May-19,New York,3.7
May-19,North Carolina,3.8
May-19,North Dakota,2.1
May-19,Ohio,3.9
May-19,Oklahoma,3
May-19,Oregon,3.8
May-19,Pennsylvania,4.3
May-19,Rhode Island,3.4
May-19,South Carolina,2.9
May-19,South Dakota,2.8
May-19,Tennessee,3.3
May-19,Texas,3.4
May-19,Utah,2.6
May-19,Vermont,2.1
May-19,Virginia,2.7
May-19,Washington,4.3
May-19,West Virginia,4.7
May-19,Wisconsin,3.2
May-19,Wyoming,3.4
May-19,Puerto Rico,8.1
Jun-19,Alabama,2.9
Jun-19,Alaska,5.5
Jun-19,Arizona,4.8
Jun-19,Arkansas,3.4
Jun-19,California,4
Jun-19,Colorado,2.5
Jun-19,Connecticut,3.5
Jun-19,Delaware,3.7
Jun-19,District of Columbia,5.3
Jun-19,Florida,3.3
Jun-19,Georgia,3.6
Jun-19,Hawaii,2.6
Jun-19,Idaho,2.9
Jun-19,Illinois,3.8
Jun-19,Indiana,3.2
Jun-19,Iowa,2.6
Jun-19,Kansas,3.1
Jun-19,Kentucky,4.1
Jun-19,Louisiana,4.3
Jun-19,Maine,2.6
Jun-19,Maryland,3.2
Jun-19,Massachusetts,3
Jun-19,Michigan,4.2
Jun-19,Minnesota,3.3
Jun-19,Mississippi,5.4
Jun-19,Missouri,2.9
Jun-19,Montana,3.5
Jun-19,Nebraska,3
Jun-19,Nevada,3.7
Jun-19,New Hampshire,2.6
Jun-19,New Jersey,3.2
Jun-19,New Mexico,4.9
Jun-19,New York,3.7
Jun-19,North Carolina,3.8
Jun-19,North Dakota,2
Jun-19,Ohio,4
Jun-19,Oklahoma,3
Jun-19,Oregon,3.7
Jun-19,Pennsylvania,4.3
Jun-19,Rhode Island,3.5
Jun-19,South Carolina,2.8
Jun-19,South Dakota,2.8
Jun-19,Tennessee,3.3
Jun-19,Texas,3.4
Jun-19,Utah,2.6
Jun-19,Vermont,2.2
Jun-19,Virginia,2.6
Jun-19,Washington,4.3
Jun-19,West Virginia,4.8
Jun-19,Wisconsin,3.2
Jun-19,Wyoming,3.5
Jun-19,Puerto Rico,7.7
Jul-19,Alabama,2.9
Jul-19,Alaska,5.5
Jul-19,Arizona,4.8
Jul-19,Arkansas,3.4
Jul-19,California,4
Jul-19,Colorado,2.5
Jul-19,Connecticut,3.5
Jul-19,Delaware,3.8
Jul-19,District of Columbia,5.1
Jul-19,Florida,3.2
Jul-19,Georgia,3.6
Jul-19,Hawaii,2.4
Jul-19,Idaho,3
Jul-19,Illinois,3.8
Jul-19,Indiana,3.2
Jul-19,Iowa,2.6
Jul-19,Kansas,3.1
Jul-19,Kentucky,4.1
Jul-19,Louisiana,4.4
Jul-19,Maine,2.7
Jul-19,Maryland,3.4
Jul-19,Massachusetts,3
Jul-19,Michigan,4.2
Jul-19,Minnesota,3.3
Jul-19,Mississippi,5.6
Jul-19,Missouri,2.9
Jul-19,Montana,3.6
Jul-19,Nebraska,3.1
Jul-19,Nevada,3.7
Jul-19,New Hampshire,2.6
Jul-19,New Jersey,3.3
Jul-19,New Mexico,4.8
Jul-19,New York,3.8
Jul-19,North Carolina,3.9
Jul-19,North Dakota,2
Jul-19,Ohio,4.1
Jul-19,Oklahoma,3.1
Jul-19,Oregon,3.7
Jul-19,Pennsylvania,4.4
Jul-19,Rhode Island,3.6
Jul-19,South Carolina,2.6
Jul-19,South Dakota,2.9
Jul-19,Tennessee,3.3
Jul-19,Texas,3.5
Jul-19,Utah,2.5
Jul-19,Vermont,2.3
Jul-19,Virginia,2.6
Jul-19,Washington,4.2
Jul-19,West Virginia,4.9
Jul-19,Wisconsin,3.3
Jul-19,Wyoming,3.7
Jul-19,Puerto Rico,7.6
Aug-19,Alabama,2.9
Aug-19,Alaska,5.5
Aug-19,Arizona,4.9
Aug-19,Arkansas,3.5
Aug-19,California,4.1
Aug-19,Colorado,2.5
Aug-19,Connecticut,3.5
Aug-19,Delaware,3.8
Aug-19,District of Columbia,5.1
Aug-19,Florida,3.2
Aug-19,Georgia,3.5
Aug-19,Hawaii,2.2
Aug-19,Idaho,3
Aug-19,Illinois,3.7
Aug-19,Indiana,3.3
Aug-19,Iowa,2.7
Aug-19,Kansas,3.1
Aug-19,Kentucky,4.1
Aug-19,Louisiana,4.6
Aug-19,Maine,2.7
Aug-19,Maryland,3.5
Aug-19,Massachusetts,3
Aug-19,Michigan,4.2
Aug-19,Minnesota,3.4
Aug-19,Mississippi,5.6
Aug-19,Missouri,3
Aug-19,Montana,3.6
Aug-19,Nebraska,3.1
Aug-19,Nevada,3.7
Aug-19,New Hampshire,2.6
Aug-19,New Jersey,3.4
Aug-19,New Mexico,4.7
Aug-19,New York,3.8
Aug-19,North Carolina,3.9
Aug-19,North Dakota,2
Aug-19,Ohio,4.2
Aug-19,Oklahoma,3.2
Aug-19,Oregon,3.7
Aug-19,Pennsylvania,4.5
Aug-19,Rhode Island,3.6
Aug-19,South Carolina,2.5
Aug-19,South Dakota,2.9
Aug-19,Tennessee,3.3
Aug-19,Texas,3.5
Aug-19,Utah,2.5
Aug-19,Vermont,2.4
Aug-19,Virginia,2.6
Aug-19,Washington,4.2
Aug-19,West Virginia,4.9
Aug-19,Wisconsin,3.3
Aug-19,Wyoming,3.8
Aug-19,Puerto Rico,7.7
Sep-19,Alabama,2.9
Sep-19,Alaska,5.4
Sep-19,Arizona,4.8
Sep-19,Arkansas,3.5
Sep-19,California,4.1
Sep-19,Colorado,2.5
Sep-19,Connecticut,3.5
Sep-19,Delaware,3.8
Sep-19,District of Columbia,5
Sep-19,Florida,3.1
Sep-19,Georgia,3.5
Sep-19,Hawaii,2
Sep-19,Idaho,3
Sep-19,Illinois,3.7
Sep-19,Indiana,3.3
Sep-19,Iowa,2.7
Sep-19,Kansas,3.1
Sep-19,Kentucky,4.1
Sep-19,Louisiana,4.7
Sep-19,Maine,2.8
Sep-19,Maryland,3.6
Sep-19,Massachusetts,3
Sep-19,Michigan,4.1
Sep-19,Minnesota,3.5
Sep-19,Mississippi,5.6
Sep-19,Missouri,3.1
Sep-19,Montana,3.6
Sep-19,Nebraska,3.2
Sep-19,Nevada,3.8
Sep-19,New Hampshire,2.7
Sep-19,New Jersey,3.5
Sep-19,New Mexico,4.7
Sep-19,New York,3.9
Sep-19,North Carolina,3.9
Sep-19,North Dakota,2.1
Sep-19,Ohio,4.3
Sep-19,Oklahoma,3.2
Sep-19,Oregon,3.6
Sep-19,Pennsylvania,4.5
Sep-19,Rhode Island,3.6
Sep-19,South Carolina,2.4
Sep-19,South Dakota,2.8
Sep-19,Tennessee,3.4
Sep-19,Texas,3.6
Sep-19,Utah,2.5
Sep-19,Vermont,2.5
Sep-19,Virginia,2.6
Sep-19,Washington,4.2
Sep-19,West Virginia,5
Sep-19,Wisconsin,3.3
Sep-19,Wyoming,4
Sep-19,Puerto Rico,8
Oct-19,Alabama,3
Oct-19,Alaska,5.3
Oct-19,Arizona,4.8
Oct-19,Arkansas,3.5
Oct-19,California,4.1
Oct-19,Colorado,2.5
Oct-19,Connecticut,3.5
Oct-19,Delaware,3.8
Oct-19,District of Columbia,4.9
Oct-19,Florida,3
Oct-19,Georgia,3.5
Oct-19,Hawaii,1.9
Oct-19,Idaho,3
Oct-19,Illinois,3.7
Oct-19,Indiana,3.3
Oct-19,Iowa,2.7
Oct-19,Kansas,3.1
Oct-19,Kentucky,4
Oct-19,Louisiana,4.8
Oct-19,Maine,2.9
Oct-19,Maryland,3.7
Oct-19,Massachusetts,3
Oct-19,Michigan,4
Oct-19,Minnesota,3.6
Oct-19,Mississippi,5.5
Oct-19,Missouri,3.2
Oct-19,Montana,3.6
Oct-19,Nebraska,3.2
Oct-19,Nevada,3.9
Oct-19,New Hampshire,2.7
Oct-19,New Jersey,3.5
Oct-19,New Mexico,4.8
Oct-19,New York,3.9
Oct-19,North Carolina,3.9
Oct-19,North Dakota,2.1
Oct-19,Ohio,4.3
Oct-19,Oklahoma,3.2
Oct-19,Oregon,3.5
Oct-19,Pennsylvania,4.6
Oct-19,Rhode Island,3.6
Oct-19,South Carolina,2.5
Oct-19,South Dakota,2.8
Oct-19,Tennessee,3.4
Oct-19,Texas,3.5
Oct-19,Utah,2.5
Oct-19,Vermont,2.6
Oct-19,Virginia,2.7
Oct-19,Washington,4.1
Oct-19,West Virginia,5
Oct-19,Wisconsin,3.3
Oct-19,Wyoming,4.1
Oct-19,Puerto Rico,8.4
Nov-19,Alabama,3.1
Nov-19,Alaska,5.2
Nov-19,Arizona,4.9
Nov-19,Arkansas,3.5
Nov-19,California,4.1
Nov-19,Colorado,2.6
Nov-19,Connecticut,3.5
Nov-19,Delaware,3.7
Nov-19,District of Columbia,5
Nov-19,Florida,2.9
Nov-19,Georgia,3.4
Nov-19,Hawaii,1.9
Nov-19,Idaho,3
Nov-19,Illinois,3.6
Nov-19,Indiana,3.3
Nov-19,Iowa,2.7
Nov-19,Kansas,3.1
Nov-19,Kentucky,4
Nov-19,Louisiana,4.9
Nov-19,Maine,2.9
Nov-19,Maryland,3.7
Nov-19,Massachusetts,3
Nov-19,Michigan,3.9
Nov-19,Minnesota,3.6
Nov-19,Mississippi,5.5
Nov-19,Missouri,3.3
Nov-19,Montana,3.7
Nov-19,Nebraska,3.1
Nov-19,Nevada,3.9
Nov-19,New Hampshire,2.7
Nov-19,New Jersey,3.6
Nov-19,New Mexico,4.9
Nov-19,New York,3.9
Nov-19,North Carolina,3.8
Nov-19,North Dakota,2
Nov-19,Ohio,4.3
Nov-19,Oklahoma,3.1
Nov-19,Oregon,3.4
Nov-19,Pennsylvania,4.6
Nov-19,Rhode Island,3.5
Nov-19,South Carolina,2.5
Nov-19,South Dakota,2.7
Nov-19,Tennessee,3.5
Nov-19,Texas,3.5
Nov-19,Utah,2.5
Nov-19,Vermont,2.6
Nov-19,Virginia,2.7
Nov-19,Washington,4
Nov-19,West Virginia,5
Nov-19,Wisconsin,3.2
Nov-19,Wyoming,4.2
Nov-19,Puerto Rico,8.7
Dec-19,Alabama,3.2
Dec-19,Alaska,5.2
Dec-19,Arizona,4.9
Dec-19,Arkansas,3.5
Dec-19,California,4.1
Dec-19,Colorado,2.6
Dec-19,Connecticut,3.5
Dec-19,Delaware,3.7
Dec-19,District of Columbia,5.1
Dec-19,Florida,2.9
Dec-19,Georgia,3.5
Dec-19,Hawaii,2
Dec-19,Idaho,3
Dec-19,Illinois,3.6
Dec-19,Indiana,3.3
Dec-19,Iowa,2.6
Dec-19,Kansas,3.1
Dec-19,Kentucky,4
Dec-19,Louisiana,5.1
Dec-19,Maine,2.9
Dec-19,Maryland,3.8
Dec-19,Massachusetts,3
Dec-19,Michigan,3.8
Dec-19,Minnesota,3.7
Dec-19,Mississippi,5.5
Dec-19,Missouri,3.3
Dec-19,Montana,3.7
Dec-19,Nebraska,3.1
Dec-19,Nevada,3.8
Dec-19,New Hampshire,2.7
Dec-19,New Jersey,3.6
Dec-19,New Mexico,5.1
Dec-19,New York,3.9
Dec-19,North Carolina,3.8
Dec-19,North Dakota,2
Dec-19,Ohio,4.4
Dec-19,Oklahoma,3.1
Dec-19,Oregon,3.4
Dec-19,Pennsylvania,4.7
Dec-19,Rhode Island,3.6
Dec-19,South Carolina,2.6
Dec-19,South Dakota,2.7
Dec-19,Tennessee,3.6
Dec-19,Texas,3.5
Dec-19,Utah,2.5
Dec-19,Vermont,2.6
Dec-19,Virginia,2.7
Dec-19,Washington,3.9
Dec-19,West Virginia,5
Dec-19,Wisconsin,3.2
Dec-19,Wyoming,4.4
Dec-19,Puerto Rico,9
Jan-20,Alabama,3.3
Jan-20,Alaska,5.2
Jan-20,Arizona,5
Jan-20,Arkansas,3.5
Jan-20,California,4.1
Jan-20,Colorado,2.7
Jan-20,Connecticut,3.4
Jan-20,Delaware,3.7
Jan-20,District of Columbia,5.3
Jan-20,Florida,2.8
Jan-20,Georgia,3.5
Jan-20,Hawaii,2.1
Jan-20,Idaho,3
Jan-20,Illinois,3.7
Jan-20,Indiana,3.4
Jan-20,Iowa,2.6
Jan-20,Kansas,3.1
Jan-20,Kentucky,4
Jan-20,Louisiana,5.2
Jan-20,Maine,2.9
Jan-20,Maryland,4
Jan-20,Massachusetts,3
Jan-20,Michigan,3.8
Jan-20,Minnesota,3.8
Jan-20,Mississippi,5.5
Jan-20,Missouri,3.3
Jan-20,Montana,3.7
Jan-20,Nebraska,3
Jan-20,Nevada,3.8
Jan-20,New Hampshire,2.7
Jan-20,New Jersey,3.5
Jan-20,New Mexico,5.2
Jan-20,New York,3.9
Jan-20,North Carolina,3.7
Jan-20,North Dakota,2.1
Jan-20,Ohio,4.5
Jan-20,Oklahoma,3.1
Jan-20,Oregon,3.4
Jan-20,Pennsylvania,4.8
Jan-20,Rhode Island,3.6
Jan-20,South Carolina,2.8
Jan-20,South Dakota,2.7
Jan-20,Tennessee,3.6
Jan-20,Texas,3.4
Jan-20,Utah,2.5
Jan-20,Vermont,2.5
Jan-20,Virginia,2.6
Jan-20,Washington,3.9
Jan-20,West Virginia,5.1
Jan-20,Wisconsin,3.1
Jan-20,Wyoming,4.7
Jan-20,Puerto Rico,9.1
Feb-20,Alabama,3.4
Feb-20,Alaska,5.2
Feb-20,Arizona,5
Feb-20,Arkansas,3.6
Feb-20,California,4.1
Feb-20,Colorado,2.8
Feb-20,Connecticut,3.4
Feb-20,Delaware,3.7
Feb-20,District of Columbia,5.4
Feb-20,Florida,2.7
Feb-20,Georgia,3.6
Feb-20,Hawaii,2.2
Feb-20,Idaho,3
Feb-20,Illinois,3.8
Feb-20,Indiana,3.4
Feb-20,Iowa,2.6
Feb-20,Kansas,3.1
Feb-20,Kentucky,4.1
Feb-20,Louisiana,5.2
Feb-20,Maine,2.8
Feb-20,Maryland,4.2
Feb-20,Massachusetts,2.9
Feb-20,Michigan,3.8
Feb-20,Minnesota,3.9
Feb-20,Mississippi,5.7
Feb-20,Missouri,3.3
Feb-20,Montana,3.7
Feb-20,Nebraska,3
Feb-20,Nevada,4
Feb-20,New Hampshire,2.7
Feb-20,New Jersey,3.5
Feb-20,New Mexico,5.4
Feb-20,New York,3.9
Feb-20,North Carolina,3.7
Feb-20,North Dakota,2.2
Feb-20,Ohio,4.6
Feb-20,Oklahoma,3.2
Feb-20,Oregon,3.4
Feb-20,Pennsylvania,5
Feb-20,Rhode Island,3.7
Feb-20,South Carolina,2.9
Feb-20,South Dakota,2.6
Feb-20,Tennessee,3.6
Feb-20,Texas,3.5
Feb-20,Utah,2.6
Feb-20,Vermont,2.6
Feb-20,Virginia,2.7
Feb-20,Washington,3.9
Feb-20,West Virginia,5.1
Feb-20,Wisconsin,3
Feb-20,Wyoming,4.9
Feb-20,Puerto Rico,9.1
Mar-20,Alabama,3.6
Mar-20,Alaska,5.2
Mar-20,Arizona,5.1
Mar-20,Arkansas,4.9
Mar-20,California,5.5
Mar-20,Colorado,4.8
Mar-20,Connecticut,3.4
Mar-20,Delaware,5
Mar-20,District of Columbia,5.5
Mar-20,Florida,4.5
Mar-20,Georgia,3.7
Mar-20,Hawaii,2.2
Mar-20,Idaho,2.8
Mar-20,Illinois,4.9
Mar-20,Indiana,3.5
Mar-20,Iowa,2.6
Mar-20,Kansas,3.1
Mar-20,Kentucky,4.1
Mar-20,Louisiana,6.8
Mar-20,Maine,2.7
Mar-20,Maryland,4.2
Mar-20,Massachusetts,2.9
Mar-20,Michigan,3.8
Mar-20,Minnesota,4
Mar-20,Mississippi,5.8
Mar-20,Missouri,3.5
Mar-20,Montana,3.6
Mar-20,Nebraska,4.3
Mar-20,Nevada,8
Mar-20,New Hampshire,2.6
Mar-20,New Jersey,3.3
Mar-20,New Mexico,6.1
Mar-20,New York,3.9
Mar-20,North Carolina,3.9
Mar-20,North Dakota,2.5
Mar-20,Ohio,4.8
Mar-20,Oklahoma,3.2
Mar-20,Oregon,3.5
Mar-20,Pennsylvania,5.2
Mar-20,Rhode Island,3.6
Mar-20,South Carolina,3
Mar-20,South Dakota,2.5
Mar-20,Tennessee,3.6
Mar-20,Texas,5.1
Mar-20,Utah,2.5
Mar-20,Vermont,2.7
Mar-20,Virginia,2.9
Mar-20,Washington,5.3
Mar-20,West Virginia,5.2
Mar-20,Wisconsin,2.9
Mar-20,Wyoming,5.2
Mar-20,Puerto Rico,-
Apr-20,Alabama,13.7
Apr-20,Alaska,11.9
Apr-20,Arizona,13.9
Apr-20,Arkansas,10
Apr-20,California,15.9
Apr-20,Colorado,11.6
Apr-20,Connecticut,8
Apr-20,Delaware,13.1
Apr-20,District of Columbia,11.1
Apr-20,Florida,13.2
Apr-20,Georgia,12.3
Apr-20,Hawaii,22.4
Apr-20,Idaho,11.8
Apr-20,Illinois,17.4
Apr-20,Indiana,16.8
Apr-20,Iowa,10.5
Apr-20,Kansas,12.2
Apr-20,Kentucky,16.5
Apr-20,Louisiana,13.5
Apr-20,Maine,9.1
Apr-20,Maryland,9.5
Apr-20,Massachusetts,17.1
Apr-20,Michigan,22.7
Apr-20,Minnesota,9
Apr-20,Mississippi,15.4
Apr-20,Missouri,11.2
Apr-20,Montana,12.2
Apr-20,Nebraska,8.2
Apr-20,Nevada,28.5
Apr-20,New Hampshire,16.2
Apr-20,New Jersey,15.5
Apr-20,New Mexico,9.5
Apr-20,New York,16.2
Apr-20,North Carolina,14.2
Apr-20,North Dakota,8.3
Apr-20,Ohio,16.4
Apr-20,Oklahoma,12.6
Apr-20,Oregon,13.3
Apr-20,Pennsylvania,16.5
Apr-20,Rhode Island,18.4
Apr-20,South Carolina,11.6
Apr-20,South Dakota,8.8
Apr-20,Tennessee,15.9
Apr-20,Texas,12.6
Apr-20,Utah,10
Apr-20,Vermont,14.3
Apr-20,Virginia,11.6
Apr-20,Washington,16.8
Apr-20,West Virginia,15.5
Apr-20,Wisconsin,14.1
Apr-20,Wyoming,5.4
Apr-20,Puerto Rico,-
May-20,Alabama,10.4
May-20,Alaska,11.9
May-20,Arizona,11
May-20,Arkansas,8.7
May-20,California,16.1
May-20,Colorado,11.8
May-20,Connecticut,11.4
May-20,Delaware,13.3
May-20,District of Columbia,9
May-20,Florida,13.9
May-20,Georgia,9.6
May-20,Hawaii,20.9
May-20,Idaho,8.9
May-20,Illinois,14.5
May-20,Indiana,12.3
May-20,Iowa,8
May-20,Kansas,9
May-20,Kentucky,12.6
May-20,Louisiana,12.3
May-20,Maine,9.2
May-20,Maryland,9.5
May-20,Massachusetts,15.5
May-20,Michigan,19.2
May-20,Minnesota,10.8
May-20,Mississippi,11
May-20,Missouri,9.2
May-20,Montana,9.1
May-20,Nebraska,6.3
May-20,Nevada,23.4
May-20,New Hampshire,11.8
May-20,New Jersey,15.8
May-20,New Mexico,9.8
May-20,New York,16.5
May-20,North Carolina,11.5
May-20,North Dakota,7
May-20,Ohio,12.7
May-20,Oklahoma,9.7
May-20,Oregon,12.2
May-20,Pennsylvania,13.1
May-20,Rhode Island,15.6
May-20,South Carolina,9.1
May-20,South Dakota,6.6
May-20,Tennessee,12.1
May-20,Texas,11.8
May-20,Utah,7.6
May-20,Vermont,9.5
May-20,Virginia,9.6
May-20,Washington,13.2
May-20,West Virginia,12.2
May-20,Wisconsin,10.4
May-20,Wyoming,8.6
May-20,Puerto Rico,8.9
Jun-20,Alabama,8.7
Jun-20,Alaska,11.3
Jun-20,Arizona,9.5
Jun-20,Arkansas,7.6
Jun-20,California,14.1
Jun-20,Colorado,11
Jun-20,Connecticut,11.1
Jun-20,Delaware,12.7
Jun-20,District of Columbia,8.8
Jun-20,Florida,11.6
Jun-20,Georgia,8.4
Jun-20,Hawaii,17.7
Jun-20,Idaho,7.3
Jun-20,Illinois,12.7
Jun-20,Indiana,10.2
Jun-20,Iowa,6.5
Jun-20,Kansas,7.2
Jun-20,Kentucky,5.1
Jun-20,Louisiana,11
Jun-20,Maine,6.6
Jun-20,Maryland,8.6
Jun-20,Massachusetts,14.4
Jun-20,Michigan,14.6
Jun-20,Minnesota,8.7
Jun-20,Mississippi,9.2
Jun-20,Missouri,7.7
Jun-20,Montana,7.4
Jun-20,Nebraska,5.1
Jun-20,Nevada,18.5
Jun-20,New Hampshire,9.7
Jun-20,New Jersey,14.5
Jun-20,New Mexico,9.5
Jun-20,New York,13.7
Jun-20,North Carolina,9.6
Jun-20,North Dakota,6.4
Jun-20,Ohio,11
Jun-20,Oklahoma,8
Jun-20,Oregon,10.5
Jun-20,Pennsylvania,11.5
Jun-20,Rhode Island,13.5
Jun-20,South Carolina,7.8
Jun-20,South Dakota,5.3
Jun-20,Tennessee,10.1
Jun-20,Texas,10.1
Jun-20,Utah,6.2
Jun-20,Vermont,7.6
Jun-20,Virginia,8.5
Jun-20,Washington,11.4
Jun-20,West Virginia,10.4
Jun-20,Wisconsin,8.6
Jun-20,Wyoming,7.2
Jun-20,Puerto Rico,8.2
Jul-20,Alabama,7.7
Jul-20,Alaska,11.2
Jul-20,Arizona,8.6
Jul-20,Arkansas,7.1
Jul-20,California,13.4
Jul-20,Colorado,6.6
Jul-20,Connecticut,11.2
Jul-20,Delaware,7.7
Jul-20,District of Columbia,9
Jul-20,Florida,12.5
Jul-20,Georgia,7.7
Jul-20,Hawaii,16.2
Jul-20,Idaho,6.3
Jul-20,Illinois,11.5
Jul-20,Indiana,8.8
Jul-20,Iowa,5.8
Jul-20,Kansas,6.4
Jul-20,Kentucky,5.7
Jul-20,Louisiana,10.5
Jul-20,Maine,6.3
Jul-20,Maryland,8.1
Jul-20,Massachusetts,12.7
Jul-20,Michigan,12.6
Jul-20,Minnesota,7.9
Jul-20,Mississippi,8.2
Jul-20,Missouri,7
Jul-20,Montana,6.5
Jul-20,Nebraska,4.4
Jul-20,Nevada,16.8
Jul-20,New Hampshire,8.3
Jul-20,New Jersey,14.3
Jul-20,New Mexico,9.6
Jul-20,New York,12.7
Jul-20,North Carolina,8.6
Jul-20,North Dakota,6.2
Jul-20,Ohio,9.9
Jul-20,Oklahoma,7.2
Jul-20,Oregon,9.5
Jul-20,Pennsylvania,10.6
Jul-20,Rhode Island,12.2
Jul-20,South Carolina,7.2
Jul-20,South Dakota,4.8
Jul-20,Tennessee,8.8
Jul-20,Texas,9.3
Jul-20,Utah,5.4
Jul-20,Vermont,6.4
Jul-20,Virginia,7.9
Jul-20,Washington,10.2
Jul-20,West Virginia,9.4
Jul-20,Wisconsin,7.6
Jul-20,Wyoming,6.6
Jul-20,Puerto Rico,8.2
Aug-20,Alabama,6.6
Aug-20,Alaska,7.8
Aug-20,Arizona,7.6
Aug-20,Arkansas,6.2
Aug-20,California,11.9
Aug-20,Colorado,6.2
Aug-20,Connecticut,9.5
Aug-20,Delaware,7.5
Aug-20,District of Columbia,8.8
Aug-20,Florida,8.9
Aug-20,Georgia,6.9
Aug-20,Hawaii,13.9
Aug-20,Idaho,5.3
Aug-20,Illinois,9.8
Aug-20,Indiana,7.2
Aug-20,Iowa,5.1
Aug-20,Kansas,5.6
Aug-20,Kentucky,5.2
Aug-20,Louisiana,9.4
Aug-20,Maine,4.6
Aug-20,Maryland,7.2
Aug-20,Massachusetts,10.6
Aug-20,Michigan,9.9
Aug-20,Minnesota,6.9
Aug-20,Mississippi,7.4
Aug-20,Missouri,6.4
Aug-20,Montana,5.4
Aug-20,Nebraska,3.7
Aug-20,Nevada,14.7
Aug-20,New Hampshire,6.8
Aug-20,New Jersey,12.8
Aug-20,New Mexico,9.3
Aug-20,New York,11
Aug-20,North Carolina,7.2
Aug-20,North Dakota,5.8
Aug-20,Ohio,8.4
Aug-20,Oklahoma,6.2
Aug-20,Oregon,8.1
Aug-20,Pennsylvania,9.5
Aug-20,Rhode Island,10.2
Aug-20,South Carolina,6.3
Aug-20,South Dakota,4.3
Aug-20,Tennessee,7.5
Aug-20,Texas,8.1
Aug-20,Utah,4.6
Aug-20,Vermont,5.1
Aug-20,Virginia,7
Aug-20,Washington,8.7
Aug-20,West Virginia,8.3
Aug-20,Wisconsin,6.2
Aug-20,Wyoming,5.9
Aug-20,Puerto Rico,8.3
Sep-20,Alabama,6.1
Sep-20,Alaska,7.7
Sep-20,Arizona,7.2
Sep-20,Arkansas,5.8
Sep-20,California,10.3
Sep-20,Colorado,6.4
Sep-20,Connecticut,8.9
Sep-20,Delaware,7.6
Sep-20,District of Columbia,8.7
Sep-20,Florida,8.7
Sep-20,Georgia,6.4
Sep-20,Hawaii,14.2
Sep-20,Idaho,4.8
Sep-20,Illinois,9
Sep-20,Indiana,6.3
Sep-20,Iowa,4.8
Sep-20,Kansas,5.2
Sep-20,Kentucky,5.1
Sep-20,Louisiana,8.9
Sep-20,Maine,4.4
Sep-20,Maryland,6.8
Sep-20,Massachusetts,9.9
Sep-20,Michigan,8.7
Sep-20,Minnesota,6.2
Sep-20,Mississippi,7.1
Sep-20,Missouri,6
Sep-20,Montana,5
Sep-20,Nebraska,3.3
Sep-20,Nevada,13.6
Sep-20,New Hampshire,6.1
Sep-20,New Jersey,8.3
Sep-20,New Mexico,8.8
Sep-20,New York,10.3
Sep-20,North Carolina,6.5
Sep-20,North Dakota,5.6
Sep-20,Ohio,7.6
Sep-20,Oklahoma,5.8
Sep-20,Oregon,7.5
Sep-20,Pennsylvania,8.9
Sep-20,Rhode Island,9.6
Sep-20,South Carolina,5.9
Sep-20,South Dakota,4
Sep-20,Tennessee,6.9
Sep-20,Texas,7.7
Sep-20,Utah,4.3
Sep-20,Vermont,4.5
Sep-20,Virginia,6.3
Sep-20,Washington,7.9
Sep-20,West Virginia,7.6
Sep-20,Wisconsin,5.7
Sep-20,Wyoming,5.6
Sep-20,Puerto Rico,8.6
Oct-20,Alabama,5.3
Oct-20,Alaska,7.3
Oct-20,Arizona,6.7
Oct-20,Arkansas,5.4
Oct-20,California,9.5
Oct-20,Colorado,6.1
Oct-20,Connecticut,8.1
Oct-20,Delaware,5.3
Oct-20,District of Columbia,8.2
Oct-20,Florida,7.2
Oct-20,Georgia,5.6
Oct-20,Hawaii,12.1
Oct-20,Idaho,4.3
Oct-20,Illinois,8.1
Oct-20,Indiana,5.5
Oct-20,Iowa,4.5
Oct-20,Kansas,4.7
Oct-20,Kentucky,4.9
Oct-20,Louisiana,8
Oct-20,Maine,4.1
Oct-20,Maryland,6.2
Oct-20,Massachusetts,8.6
Oct-20,Michigan,7.5
Oct-20,Minnesota,5.5
Oct-20,Mississippi,6.8
Oct-20,Missouri,5.5
Oct-20,Montana,4.5
Oct-20,Nebraska,2.9
Oct-20,Nevada,12.1
Oct-20,New Hampshire,5.2
Oct-20,New Jersey,7.5
Oct-20,New Mexico,8.4
Oct-20,New York,9.3
Oct-20,North Carolina,5.8
Oct-20,North Dakota,5.3
Oct-20,Ohio,6.8
Oct-20,Oklahoma,5.4
Oct-20,Oregon,6.8
Oct-20,Pennsylvania,8.3
Oct-20,Rhode Island,6.9
Oct-20,South Carolina,5.3
Oct-20,South Dakota,3.7
Oct-20,Tennessee,6.1
Oct-20,Texas,7.1
Oct-20,Utah,3.9
Oct-20,Vermont,4
Oct-20,Virginia,5.6
Oct-20,Washington,7.1
Oct-20,West Virginia,6.9
Oct-20,Wisconsin,5
Oct-20,Wyoming,5.3
Oct-20,Puerto Rico,9
Nov-20,Alabama,4.8
Nov-20,Alaska,7.2
Nov-20,Arizona,6.5
Nov-20,Arkansas,5.2
Nov-20,California,9.2
Nov-20,Colorado,6.2
Nov-20,Connecticut,7.8
Nov-20,Delaware,5.4
Nov-20,District of Columbia,7.8
Nov-20,Florida,6.7
Nov-20,Georgia,5.3
Nov-20,Hawaii,10.8
Nov-20,Idaho,4.2
Nov-20,Illinois,7.7
Nov-20,Indiana,5.1
Nov-20,Iowa,4.5
Nov-20,Kansas,4.4
Nov-20,Kentucky,4.9
Nov-20,Louisiana,7.4
Nov-20,Maine,4.1
Nov-20,Maryland,6.1
Nov-20,Massachusetts,8.1
Nov-20,Michigan,7.1
Nov-20,Minnesota,5
Nov-20,Mississippi,6.8
Nov-20,Missouri,5.3
Nov-20,Montana,4.2
Nov-20,Nebraska,2.8
Nov-20,Nevada,11.2
Nov-20,New Hampshire,4.8
Nov-20,New Jersey,7.5
Nov-20,New Mexico,8
Nov-20,New York,9.1
Nov-20,North Carolina,5.6
Nov-20,North Dakota,5.1
Nov-20,Ohio,6.5
Nov-20,Oklahoma,5.3
Nov-20,Oregon,6.6
Nov-20,Pennsylvania,8
Nov-20,Rhode Island,6.8
Nov-20,South Carolina,5.1
Nov-20,South Dakota,3.6
Nov-20,Tennessee,5.7
Nov-20,Texas,6.9
Nov-20,Utah,3.7
Nov-20,Vermont,3.8
Nov-20,Virginia,5.2
Nov-20,Washington,6.7
Nov-20,West Virginia,6.5
Nov-20,Wisconsin,4.8
Nov-20,Wyoming,5.2
Nov-20,Puerto Rico,9.3
Dec-20,Alabama,4.4
Dec-20,Alaska,7.3
Dec-20,Arizona,6.3
Dec-20,Arkansas,5
Dec-20,California,9.2
Dec-20,Colorado,6.4
Dec-20,Connecticut,7.7
Dec-20,Delaware,5.6
Dec-20,District of Columbia,7.5
Dec-20,Florida,6.5
Dec-20,Georgia,5.1
Dec-20,Hawaii,9.8
Dec-20,Idaho,4.2
Dec-20,Illinois,7.5
Dec-20,Indiana,4.8
Dec-20,Iowa,4.5
Dec-20,Kansas,4.2
Dec-20,Kentucky,4.9
Dec-20,Louisiana,7
Dec-20,Maine,4.4
Dec-20,Maryland,6.3
Dec-20,Massachusetts,7.7
Dec-20,Michigan,7
Dec-20,Minnesota,4.6
Dec-20,Mississippi,6.7
Dec-20,Missouri,5.1
Dec-20,Montana,4
Dec-20,Nebraska,2.8
Dec-20,Nevada,10.8
Dec-20,New Hampshire,4.5
Dec-20,New Jersey,7.4
Dec-20,New Mexico,7.9
Dec-20,New York,8.8
Dec-20,North Carolina,5.6
Dec-20,North Dakota,5
Dec-20,Ohio,6.2
Dec-20,Oklahoma,5.2
Dec-20,Oregon,6.6
Dec-20,Pennsylvania,7.7
Dec-20,Rhode Island,6.7
Dec-20,South Carolina,4.9
Dec-20,South Dakota,3.5
Dec-20,Tennessee,5.5
Dec-20,Texas,6.9
Dec-20,Utah,3.5
Dec-20,Vermont,3.8
Dec-20,Virginia,5
Dec-20,Washington,6.5
Dec-20,West Virginia,6.2
Dec-20,Wisconsin,4.7
Dec-20,Wyoming,5.1
Dec-20,Puerto Rico,9.3
Jan-21,Alabama,4
Jan-21,Alaska,7.1
Jan-21,Arizona,6.1
Jan-21,Arkansas,4.9
Jan-21,California,8.8
Jan-21,Colorado,6.2
Jan-21,Connecticut,7.3
Jan-21,Delaware,5.7
Jan-21,District of Columbia,6.9
Jan-21,Florida,6
Jan-21,Georgia,4.8
Jan-21,Hawaii,8.3
Jan-21,Idaho,4
Jan-21,Illinois,7.1
Jan-21,Indiana,4.5
Jan-21,Iowa,4.4
Jan-21,Kansas,3.8
Jan-21,Kentucky,4.8
Jan-21,Louisiana,6.5
Jan-21,Maine,4.4
Jan-21,Maryland,5.9
Jan-21,Massachusetts,7.1
Jan-21,Michigan,6.4
Jan-21,Minnesota,4.2
Jan-21,Mississippi,6.6
Jan-21,Missouri,5
Jan-21,Montana,3.8
Jan-21,Nebraska,2.7
Jan-21,Nevada,10.2
Jan-21,New Hampshire,4.2
Jan-21,New Jersey,7.3
Jan-21,New Mexico,7.4
Jan-21,New York,8.6
Jan-21,North Carolina,5.5
Jan-21,North Dakota,4.7
Jan-21,Ohio,6
Jan-21,Oklahoma,5
Jan-21,Oregon,6.4
Jan-21,Pennsylvania,7.5
Jan-21,Rhode Island,6.3
Jan-21,South Carolina,4.6
Jan-21,South Dakota,3.3
Jan-21,Tennessee,5.2
Jan-21,Texas,6.7
Jan-21,Utah,3.3
Jan-21,Vermont,3.9
Jan-21,Virginia,4.8
Jan-21,Washington,6.3
Jan-21,West Virginia,5.9
Jan-21,Wisconsin,4.5
Jan-21,Wyoming,5.1
Jan-21,Puerto Rico,9
Feb-21,Alabama,3.8
Feb-21,Alaska,7
Feb-21,Arizona,6
Feb-21,Arkansas,4.8
Feb-21,California,8.6
Feb-21,Colorado,6.2
Feb-21,Connecticut,7.2
Feb-21,Delaware,5.7
Feb-21,District of Columbia,6.7
Feb-21,Florida,5.6
Feb-21,Georgia,4.6
Feb-21,Hawaii,7.3
Feb-21,Idaho,4
Feb-21,Illinois,6.9
Feb-21,Indiana,4.3
Feb-21,Iowa,4.4
Feb-21,Kansas,3.6
Feb-21,Kentucky,4.7
Feb-21,Louisiana,6.3
Feb-21,Maine,4.6
Feb-21,Maryland,5.7
Feb-21,Massachusetts,6.7
Feb-21,Michigan,6.3
Feb-21,Minnesota,3.9
Feb-21,Mississippi,6.5
Feb-21,Missouri,4.9
Feb-21,Montana,3.7
Feb-21,Nebraska,2.7
Feb-21,Nevada,9.8
Feb-21,New Hampshire,4
Feb-21,New Jersey,7.2
Feb-21,New Mexico,7.3
Feb-21,New York,8.4
Feb-21,North Carolina,5.4
Feb-21,North Dakota,4.5
Feb-21,Ohio,5.8
Feb-21,Oklahoma,4.8
Feb-21,Oregon,6.2
Feb-21,Pennsylvania,7.3
Feb-21,Rhode Island,6.1
Feb-21,South Carolina,4.4
Feb-21,South Dakota,3.2
Feb-21,Tennessee,5
Feb-21,Texas,6.6
Feb-21,Utah,3.1
Feb-21,Vermont,3.9
Feb-21,Virginia,4.6
Feb-21,Washington,6.1
Feb-21,West Virginia,5.8
Feb-21,Wisconsin,4.4
Feb-21,Wyoming,5
Feb-21,Puerto Rico,8.5
Mar-21,Alabama,3.7
Mar-21,Alaska,7
Mar-21,Arizona,5.8
Mar-21,Arkansas,4.6
Mar-21,California,8.4
Mar-21,Colorado,6.1
Mar-21,Connecticut,7
Mar-21,Delaware,5.8
Mar-21,District of Columbia,6.6
Mar-21,Florida,5.4
Mar-21,Georgia,4.4
Mar-21,Hawaii,6.6
Mar-21,Idaho,3.9
Mar-21,Illinois,6.7
Mar-21,Indiana,4.2
Mar-21,Iowa,4.4
Mar-21,Kansas,3.5
Mar-21,Kentucky,4.7
Mar-21,Louisiana,6.1
Mar-21,Maine,4.8
Mar-21,Maryland,5.7
Mar-21,Massachusetts,6.4
Mar-21,Michigan,6.2
Mar-21,Minnesota,3.7
Mar-21,Mississippi,6.4
Mar-21,Missouri,4.8
Mar-21,Montana,3.6
Mar-21,Nebraska,2.6
Mar-21,Nevada,9.2
Mar-21,New Hampshire,3.9
Mar-21,New Jersey,6.9
Mar-21,New Mexico,7.2
Mar-21,New York,7.9
Mar-21,North Carolina,5.2
Mar-21,North Dakota,4.3
Mar-21,Ohio,5.7
Mar-21,Oklahoma,4.7
Mar-21,Oregon,6.1
Mar-21,Pennsylvania,7.1
Mar-21,Rhode Island,6
Mar-21,South Carolina,4.3
Mar-21,South Dakota,3.2
Mar-21,Tennessee,4.9
Mar-21,Texas,6.4
Mar-21,Utah,3
Mar-21,Vermont,3.8
Mar-21,Virginia,4.5
Mar-21,Washington,5.8
Mar-21,West Virginia,5.6
Mar-21,Wisconsin,4.3
Mar-21,Wyoming,5
Mar-21,Puerto Rico,8.2
Apr-21,Alabama,3.6
Apr-21,Alaska,7
Apr-21,Arizona,5.6
Apr-21,Arkansas,4.5
Apr-21,California,8.3
Apr-21,Colorado,6.1
Apr-21,Connecticut,7
Apr-21,Delaware,5.8
Apr-21,District of Columbia,6.8
Apr-21,Florida,5.1
Apr-21,Georgia,4.3
Apr-21,Hawaii,6.3
Apr-21,Idaho,3.8
Apr-21,Illinois,6.6
Apr-21,Indiana,4.1
Apr-21,Iowa,4.5
Apr-21,Kansas,3.5
Apr-21,Kentucky,4.7
Apr-21,Louisiana,6.1
Apr-21,Maine,5
Apr-21,Maryland,5.7
Apr-21,Massachusetts,6.3
Apr-21,Michigan,6.2
Apr-21,Minnesota,3.5
Apr-21,Mississippi,6.2
Apr-21,Missouri,4.7
Apr-21,Montana,3.6
Apr-21,Nebraska,2.6
Apr-21,Nevada,8.6
Apr-21,New Hampshire,3.8
Apr-21,New Jersey,7
Apr-21,New Mexico,7.3
Apr-21,New York,7.8
Apr-21,North Carolina,5.1
Apr-21,North Dakota,4
Apr-21,Ohio,5.6
Apr-21,Oklahoma,4.5
Apr-21,Oregon,5.9
Apr-21,Pennsylvania,6.9
Apr-21,Rhode Island,6.1
Apr-21,South Carolina,4.2
Apr-21,South Dakota,3.2
Apr-21,Tennessee,4.8
Apr-21,Texas,6.2
Apr-21,Utah,2.9
Apr-21,Vermont,3.7
Apr-21,Virginia,4.3
Apr-21,Washington,5.7
Apr-21,West Virginia,5.5
Apr-21,Wisconsin,4.3
Apr-21,Wyoming,4.8
Apr-21,Puerto Rico,8
May-21,Alabama,3.6
May-21,Alaska,6.8
May-21,Arizona,5.4
May-21,Arkansas,4.4
May-21,California,7.9
May-21,Colorado,5.8
May-21,Connecticut,6.7
May-21,Delaware,5.7
May-21,District of Columbia,6.9
May-21,Florida,4.9
May-21,Georgia,4.1
May-21,Hawaii,5.9
May-21,Idaho,3.7
May-21,Illinois,6.5
May-21,Indiana,4
May-21,Iowa,4.5
May-21,Kansas,3.4
May-21,Kentucky,4.7
May-21,Louisiana,5.9
May-21,Maine,4.9
May-21,Maryland,5.7
May-21,Massachusetts,5.9
May-21,Michigan,6.2
May-21,Minnesota,3.4
May-21,Mississippi,6
May-21,Missouri,4.5
May-21,Montana,3.6
May-21,Nebraska,2.5
May-21,Nevada,7.8
May-21,New Hampshire,3.7
May-21,New Jersey,6.6
May-21,New Mexico,7.2
May-21,New York,7.4
May-21,North Carolina,5
May-21,North Dakota,3.8
May-21,Ohio,5.4
May-21,Oklahoma,4.4
May-21,Oregon,5.6
May-21,Pennsylvania,6.7
May-21,Rhode Island,6
May-21,South Carolina,4.1
May-21,South Dakota,3.2
May-21,Tennessee,4.6
May-21,Texas,5.9
May-21,Utah,2.8
May-21,Vermont,3.6
May-21,Virginia,4.1
May-21,Washington,5.5
May-21,West Virginia,5.4
May-21,Wisconsin,4.1
May-21,Wyoming,4.7
May-21,Puerto Rico,8.1
Jun-21,Alabama,3.5
Jun-21,Alaska,6.8
Jun-21,Arizona,5.2
Jun-21,Arkansas,4.2
Jun-21,California,7.9
Jun-21,Colorado,5.9
Jun-21,Connecticut,6.7
Jun-21,Delaware,5.7
Jun-21,District of Columbia,7.2
Jun-21,Florida,4.8
Jun-21,Georgia,4
Jun-21,Hawaii,5.9
Jun-21,Idaho,3.7
Jun-21,Illinois,6.5
Jun-21,Indiana,3.9
Jun-21,Iowa,4.5
Jun-21,Kansas,3.5
Jun-21,Kentucky,4.8
Jun-21,Louisiana,5.8
Jun-21,Maine,5
Jun-21,Maryland,6.1
Jun-21,Massachusetts,6
Jun-21,Michigan,6.3
Jun-21,Minnesota,3.4
Jun-21,Mississippi,5.8
Jun-21,Missouri,4.4
Jun-21,Montana,3.6
Jun-21,Nebraska,2.5
Jun-21,Nevada,7.2
Jun-21,New Hampshire,3.6
Jun-21,New Jersey,7.1
Jun-21,New Mexico,7.3
Jun-21,New York,7.4
Jun-21,North Carolina,5
Jun-21,North Dakota,3.6
Jun-21,Ohio,5.3
Jun-21,Oklahoma,4.2
Jun-21,Oregon,5.4
Jun-21,Pennsylvania,6.6
Jun-21,Rhode Island,6.2
Jun-21,South Carolina,4.1
Jun-21,South Dakota,3.2
Jun-21,Tennessee,4.4
Jun-21,Texas,5.9
Jun-21,Utah,2.8
Jun-21,Vermont,3.5
Jun-21,Virginia,4
Jun-21,Washington,5.4
Jun-21,West Virginia,5.3
Jun-21,Wisconsin,4
Jun-21,Wyoming,4.6
Jun-21,Puerto Rico,8.3
Jul-21,Alabama,3.4
Jul-21,Alaska,6.5
Jul-21,Arizona,4.9
Jul-21,Arkansas,4
Jul-21,California,7.4
Jul-21,Colorado,5.6
Jul-21,Connecticut,6.3
Jul-21,Delaware,5.5
Jul-21,District of Columbia,7.1
Jul-21,Florida,4.5
Jul-21,Georgia,3.9
Jul-21,Hawaii,5.5
Jul-21,Idaho,3.6
Jul-21,Illinois,6.2
Jul-21,Indiana,3.7
Jul-21,Iowa,4.4
Jul-21,Kansas,3.4
Jul-21,Kentucky,4.8
Jul-21,Louisiana,5.5
Jul-21,Maine,4.9
Jul-21,Maryland,6.1
Jul-21,Massachusetts,5.7
Jul-21,Michigan,6.2
Jul-21,Minnesota,3.3
Jul-21,Mississippi,5.6
Jul-21,Missouri,4.3
Jul-21,Montana,3.5
Jul-21,Nebraska,2.5
Jul-21,Nevada,6.6
Jul-21,New Hampshire,3.5
Jul-21,New Jersey,6.6
Jul-21,New Mexico,7
Jul-21,New York,6.9
Jul-21,North Carolina,4.9
Jul-21,North Dakota,3.4
Jul-21,Ohio,5.1
Jul-21,Oklahoma,3.9
Jul-21,Oregon,5.1
Jul-21,Pennsylvania,6.4
Jul-21,Rhode Island,6
Jul-21,South Carolina,4
Jul-21,South Dakota,3.2
Jul-21,Tennessee,4.2
Jul-21,Texas,5.6
Jul-21,Utah,2.7
Jul-21,Vermont,3.3
Jul-21,Virginia,3.8
Jul-21,Washington,5.2
Jul-21,West Virginia,5.1
Jul-21,Wisconsin,3.8
Jul-21,Wyoming,4.5
Jul-21,Puerto Rico,8.3
Aug-21,Alabama,3.3
Aug-21,Alaska,6.3
Aug-21,Arizona,4.5
Aug-21,Arkansas,3.8
Aug-21,California,7
Aug-21,Colorado,5.3
Aug-21,Connecticut,6.1
Aug-21,Delaware,5.3
Aug-21,District of Columbia,6.9
Aug-21,Florida,4.3
Aug-21,Georgia,3.7
Aug-21,Hawaii,5.3
Aug-21,Idaho,3.5
Aug-21,Illinois,6
Aug-21,Indiana,3.4
Aug-21,Iowa,4.3
Aug-21,Kansas,3.2
Aug-21,Kentucky,4.8
Aug-21,Louisiana,5.2
Aug-21,Maine,4.8
Aug-21,Maryland,6.2
Aug-21,Massachusetts,5.5
Aug-21,Michigan,6
Aug-21,Minnesota,3.3
Aug-21,Mississippi,5.3
Aug-21,Missouri,4.1
Aug-21,Montana,3.4
Aug-21,Nebraska,2.5
Aug-21,Nevada,6
Aug-21,New Hampshire,3.4
Aug-21,New Jersey,6.5
Aug-21,New Mexico,6.8
Aug-21,New York,6.6
Aug-21,North Carolina,4.8
Aug-21,North Dakota,3.3
Aug-21,Ohio,4.9
Aug-21,Oklahoma,3.5
Aug-21,Oregon,4.9
Aug-21,Pennsylvania,6.1
Aug-21,Rhode Island,5.8
Aug-21,South Carolina,3.9
Aug-21,South Dakota,3.2
Aug-21,Tennessee,4
Aug-21,Texas,5.4
Aug-21,Utah,2.6
Aug-21,Vermont,3.2
Aug-21,Virginia,3.6
Aug-21,Washington,5
Aug-21,West Virginia,4.8
Aug-21,Wisconsin,3.6
Aug-21,Wyoming,4.3
Aug-21,Puerto Rico,8.2
Sep-21,Alabama,3.2
Sep-21,Alaska,5.9
Sep-21,Arizona,4.2
Sep-21,Arkansas,3.5
Sep-21,California,6.4
Sep-21,Colorado,4.7
Sep-21,Connecticut,5.6
Sep-21,Delaware,5
Sep-21,District of Columbia,6.5
Sep-21,Florida,3.9
Sep-21,Georgia,3.5
Sep-21,Hawaii,4.8
Sep-21,Idaho,3.4
Sep-21,Illinois,5.5
Sep-21,Indiana,3.1
Sep-21,Iowa,4.1
Sep-21,Kansas,3
Sep-21,Kentucky,4.7
Sep-21,Louisiana,4.8
Sep-21,Maine,4.5
Sep-21,Maryland,5.8
Sep-21,Massachusetts,5.1
Sep-21,Michigan,5.7
Sep-21,Minnesota,3.2
Sep-21,Mississippi,5
Sep-21,Missouri,4
Sep-21,Montana,3.2
Sep-21,Nebraska,2.5
Sep-21,Nevada,5.6
Sep-21,New Hampshire,3.2
Sep-21,New Jersey,5.8
Sep-21,New Mexico,6.2
Sep-21,New York,6
Sep-21,North Carolina,4.5
Sep-21,North Dakota,3.2
Sep-21,Ohio,4.7
Sep-21,Oklahoma,3.2
Sep-21,Oregon,4.5
Sep-21,Pennsylvania,5.8
Sep-21,Rhode Island,5.4
Sep-21,South Carolina,3.8
Sep-21,South Dakota,3.1
Sep-21,Tennessee,3.8
Sep-21,Texas,5.1
Sep-21,Utah,2.5
Sep-21,Vermont,3.2
Sep-21,Virginia,3.4
Sep-21,Washington,4.8
Sep-21,West Virginia,4.6
Sep-21,Wisconsin,3.4
Sep-21,Wyoming,4.2
Sep-21,Puerto Rico,7.8
Oct-21,Alabama,3.1
Oct-21,Alaska,5.7
Oct-21,Arizona,3.9
Oct-21,Arkansas,3.4
Oct-21,California,6.1
Oct-21,Colorado,4.5
Oct-21,Connecticut,5.4
Oct-21,Delaware,4.9
Oct-21,District of Columbia,6.3
Oct-21,Florida,3.7
Oct-21,Georgia,3.4
Oct-21,Hawaii,4.7
Oct-21,Idaho,3.2
Oct-21,Illinois,5.3
Oct-21,Indiana,2.8
Oct-21,Iowa,4
Oct-21,Kansas,2.9
Oct-21,Kentucky,4.6
Oct-21,Louisiana,4.6
Oct-21,Maine,4.4
Oct-21,Maryland,5.7
Oct-21,Massachusetts,5
Oct-21,Michigan,5.4
Oct-21,Minnesota,3.1
Oct-21,Mississippi,4.7
Oct-21,Missouri,4
Oct-21,Montana,3
Oct-21,Nebraska,2.4
Oct-21,Nevada,5.4
Oct-21,New Hampshire,3.1
Oct-21,New Jersey,5.5
Oct-21,New Mexico,6.1
Oct-21,New York,5.7
Oct-21,North Carolina,4.4
Oct-21,North Dakota,3.2
Oct-21,Ohio,4.5
Oct-21,Oklahoma,2.9
Oct-21,Oregon,4.4
Oct-21,Pennsylvania,5.6
Oct-21,Rhode Island,5
Oct-21,South Carolina,3.6
Oct-21,South Dakota,3
Oct-21,Tennessee,3.7
Oct-21,Texas,5
Oct-21,Utah,2.3
Oct-21,Vermont,3.1
Oct-21,Virginia,3.4
Oct-21,Washington,4.6
Oct-21,West Virginia,4.3
Oct-21,Wisconsin,3.2
Oct-21,Wyoming,4
Oct-21,Puerto Rico,7.5
Nov-21,Alabama,3.1
Nov-21,Alaska,5.5
Nov-21,Arizona,3.9
Nov-21,Arkansas,3.3
Nov-21,California,5.8
Nov-21,Colorado,4.3
Nov-21,Connecticut,5.2
Nov-21,Delaware,4.8
Nov-21,District of Columbia,6.1
Nov-21,Florida,3.5
Nov-21,Georgia,3.3
Nov-21,Hawaii,4.4
Nov-21,Idaho,3.2
Nov-21,Illinois,5.1
Nov-21,Indiana,2.7
Nov-21,Iowa,3.9
Nov-21,Kansas,2.8
Nov-21,Kentucky,4.6
Nov-21,Louisiana,4.5
Nov-21,Maine,4.2
Nov-21,Maryland,5.4
Nov-21,Massachusetts,4.8
Nov-21,Michigan,5.2
Nov-21,Minnesota,3.1
Nov-21,Mississippi,4.7
Nov-21,Missouri,3.9
Nov-21,Montana,2.9
Nov-21,Nebraska,2.4
Nov-21,Nevada,5.3
Nov-21,New Hampshire,3
Nov-21,New Jersey,5.1
Nov-21,New Mexico,6
Nov-21,New York,5.4
Nov-21,North Carolina,4.2
Nov-21,North Dakota,3.1
Nov-21,Ohio,4.5
Nov-21,Oklahoma,2.8
Nov-21,Oregon,4.2
Nov-21,Pennsylvania,5.5
Nov-21,Rhode Island,4.7
Nov-21,South Carolina,3.6
Nov-21,South Dakota,2.9
Nov-21,Tennessee,3.6
Nov-21,Texas,4.9
Nov-21,Utah,2.3
Nov-21,Vermont,3.1
Nov-21,Virginia,3.3
Nov-21,Washington,4.5
Nov-21,West Virginia,4.3
Nov-21,Wisconsin,3.1
Nov-21,Wyoming,4
Nov-21,Puerto Rico,7.5
Dec-21,Alabama,3.1
Dec-21,Alaska,5.5
Dec-21,Arizona,3.9
Dec-21,Arkansas,3.3
Dec-21,California,5.8
Dec-21,Colorado,4.2
Dec-21,Connecticut,5.1
Dec-21,Delaware,4.8
Dec-21,District of Columbia,6.1
Dec-21,Florida,3.5
Dec-21,Georgia,3.3
Dec-21,Hawaii,4.3
Dec-21,Idaho,3.1
Dec-21,Illinois,5.1
Dec-21,Indiana,2.7
Dec-21,Iowa,3.9
Dec-21,Kansas,2.8
Dec-21,Kentucky,4.6
Dec-21,Louisiana,4.4
Dec-21,Maine,4.1
Dec-21,Maryland,5.4
Dec-21,Massachusetts,4.6
Dec-21,Michigan,5.1
Dec-21,Minnesota,3
Dec-21,Mississippi,4.7
Dec-21,Missouri,3.9
Dec-21,Montana,2.9
Dec-21,Nebraska,2.3
Dec-21,Nevada,5.3
Dec-21,New Hampshire,3
Dec-21,New Jersey,5.1
Dec-21,New Mexico,5.9
Dec-21,New York,5.4
Dec-21,North Carolina,4.1
Dec-21,North Dakota,3.1
Dec-21,Ohio,4.5
Dec-21,Oklahoma,2.8
Dec-21,Oregon,4.2
Dec-21,Pennsylvania,5.5
Dec-21,Rhode Island,4.5
Dec-21,South Carolina,3.6
Dec-21,South Dakota,2.9
Dec-21,Tennessee,3.6
Dec-21,Texas,4.8
Dec-21,Utah,2.3
Dec-21,Vermont,3.1
Dec-21,Virginia,3.3
Dec-21,Washington,4.5
Dec-21,West Virginia,4.3
Dec-21,Wisconsin,3.1
Dec-21,Wyoming,4
Dec-21,Puerto Rico,7.5
Jan-22,Alabama,3.1
Jan-22,Alaska,5.6
Jan-22,Arizona,3.7
Jan-22,Arkansas,3.2
Jan-22,California,5.7
Jan-22,Colorado,4.2
Jan-22,Connecticut,5.3
Jan-22,Delaware,4.8
Jan-22,District of Columbia,6.3
Jan-22,Florida,3.5
Jan-22,Georgia,3.2
Jan-22,Hawaii,4.3
Jan-22,Idaho,3
Jan-22,Illinois,5
Jan-22,Indiana,2.4
Jan-22,Iowa,3.7
Jan-22,Kansas,2.6
Jan-22,Kentucky,4.4
Jan-22,Louisiana,4.3
Jan-22,Maine,4.1
Jan-22,Maryland,5.4
Jan-22,Massachusetts,4.8
Jan-22,Michigan,4.9
Jan-22,Minnesota,2.9
Jan-22,Mississippi,4.6
Jan-22,Missouri,3.8
Jan-22,Montana,2.7
Jan-22,Nebraska,2.2
Jan-22,Nevada,5.2
Jan-22,New Hampshire,2.9
Jan-22,New Jersey,5.1
Jan-22,New Mexico,5.9
Jan-22,New York,5.3
Jan-22,North Carolina,3.9
Jan-22,North Dakota,3.1
Jan-22,Ohio,4.3
Jan-22,Oklahoma,2.7
Jan-22,Oregon,4.2
Jan-22,Pennsylvania,5.4
Jan-22,Rhode Island,4.2
Jan-22,South Carolina,3.5
Jan-22,South Dakota,2.8
Jan-22,Tennessee,3.5
Jan-22,Texas,4.8
Jan-22,Utah,2.2
Jan-22,Vermont,3
Jan-22,Virginia,3.3
Jan-22,Washington,4.4
Jan-22,West Virginia,4.1
Jan-22,Wisconsin,3
Jan-22,Wyoming,3.8
Jan-22,Puerto Rico,7.1
Feb-22,Alabama,3
Feb-22,Alaska,5.3
Feb-22,Arizona,3.6
Feb-22,Arkansas,3.1
Feb-22,California,5.3
Feb-22,Colorado,4
Feb-22,Connecticut,4.9
Feb-22,Delaware,4.6
Feb-22,District of Columbia,6.1
Feb-22,Florida,3.3
Feb-22,Georgia,3.2
Feb-22,Hawaii,4.2
Feb-22,Idaho,2.8
Feb-22,Illinois,4.8
Feb-22,Indiana,2.3
Feb-22,Iowa,3.5
Feb-22,Kansas,2.5
Feb-22,Kentucky,4.2
Feb-22,Louisiana,4.3
Feb-22,Maine,4
Feb-22,Maryland,5
Feb-22,Massachusetts,4.7
Feb-22,Michigan,4.7
Feb-22,Minnesota,2.7
Feb-22,Mississippi,4.5
Feb-22,Missouri,3.7
Feb-22,Montana,2.6
Feb-22,Nebraska,2.1
Feb-22,Nevada,5.1
Feb-22,New Hampshire,2.7
Feb-22,New Jersey,4.6
Feb-22,New Mexico,5.6
Feb-22,New York,4.9
Feb-22,North Carolina,3.7
Feb-22,North Dakota,2.9
Feb-22,Ohio,4.2
Feb-22,Oklahoma,2.6
Feb-22,Oregon,4
Feb-22,Pennsylvania,5.1
Feb-22,Rhode Island,3.9
Feb-22,South Carolina,3.5
Feb-22,South Dakota,2.6
Feb-22,Tennessee,3.4
Feb-22,Texas,4.7
Feb-22,Utah,2.1
Feb-22,Vermont,2.9
Feb-22,Virginia,3.2
Feb-22,Washington,4.3
Feb-22,West Virginia,3.9
Feb-22,Wisconsin,2.9
Feb-22,Wyoming,3.6
Feb-22,Puerto Rico,6.8
Mar-22,Alabama,2.9
Mar-22,Alaska,4.9
Mar-22,Arizona,3.3
Mar-22,Arkansas,3.1
Mar-22,California,4.8
Mar-22,Colorado,3.7
Mar-22,Connecticut,4.6
Mar-22,Delaware,4.5
Mar-22,District of Columbia,6
Mar-22,Florida,3.2
Mar-22,Georgia,3.1
Mar-22,Hawaii,4.1
Mar-22,Idaho,2.7
Mar-22,Illinois,4.7
Mar-22,Indiana,2.2
Mar-22,Iowa,3.3
Mar-22,Kansas,2.4
Mar-22,Kentucky,4
Mar-22,Louisiana,4.2
Mar-22,Maine,3.6
Mar-22,Maryland,4.6
Mar-22,Massachusetts,4.3
Mar-22,Michigan,4.4
Mar-22,Minnesota,2.5
Mar-22,Mississippi,4.2
Mar-22,Missouri,3.6
Mar-22,Montana,2.3
Mar-22,Nebraska,2
Mar-22,Nevada,5
Mar-22,New Hampshire,2.4
Mar-22,New Jersey,4.2
Mar-22,New Mexico,5.3
Mar-22,New York,4.6
Mar-22,North Carolina,3.5
Mar-22,North Dakota,2.9
Mar-22,Ohio,4.1
Mar-22,Oklahoma,2.7
Mar-22,Oregon,3.8
Mar-22,Pennsylvania,4.9
Mar-22,Rhode Island,3.4
Mar-22,South Carolina,3.4
Mar-22,South Dakota,2.5
Mar-22,Tennessee,3.2
Mar-22,Texas,4.4
Mar-22,Utah,2
Mar-22,Vermont,2.6
Mar-22,Virginia,3
Mar-22,Washington,4.1
Mar-22,West Virginia,3.7
Mar-22,Wisconsin,2.8
Mar-22,Wyoming,3.4
Mar-22,Puerto Rico,6.5
Apr-22,Alabama,2.8
Apr-22,Alaska,4.8
Apr-22,Arizona,3.2
Apr-22,Arkansas,3.2
Apr-22,California,4.6
Apr-22,Colorado,3.6
Apr-22,Connecticut,4.4
Apr-22,Delaware,4.5
Apr-22,District of Columbia,5.8
Apr-22,Florida,3
Apr-22,Georgia,3.1
Apr-22,Hawaii,4.1
Apr-22,Idaho,2.6
Apr-22,Illinois,4.6
Apr-22,Indiana,2.2
Apr-22,Iowa,3
Apr-22,Kansas,2.4
Apr-22,Kentucky,3.9
Apr-22,Louisiana,4.1
Apr-22,Maine,3.3
Apr-22,Maryland,4.2
Apr-22,Massachusetts,4.1
Apr-22,Michigan,4.3
Apr-22,Minnesota,2.2
Apr-22,Mississippi,4.1
Apr-22,Missouri,3.4
Apr-22,Montana,2.3
Apr-22,Nebraska,1.9
Apr-22,Nevada,5
Apr-22,New Hampshire,2.3
Apr-22,New Jersey,4.1
Apr-22,New Mexico,5.3
Apr-22,New York,4.5
Apr-22,North Carolina,3.4
Apr-22,North Dakota,2.8
Apr-22,Ohio,4
Apr-22,Oklahoma,2.7
Apr-22,Oregon,3.7
Apr-22,Pennsylvania,4.8
Apr-22,Rhode Island,3.2
Apr-22,South Carolina,3.3
Apr-22,South Dakota,2.3
Apr-22,Tennessee,3.2
Apr-22,Texas,4.3
Apr-22,Utah,1.9
Apr-22,Vermont,2.5
Apr-22,Virginia,3
Apr-22,Washington,4.1
Apr-22,West Virginia,3.6
Apr-22,Wisconsin,2.8
Apr-22,Wyoming,3.3
Apr-22,Puerto Rico,6.4
May-22,Alabama,2.7
May-22,Alaska,4.6
May-22,Arizona,3.2
May-22,Arkansas,3.2
May-22,California,4.3
May-22,Colorado,3.5
May-22,Connecticut,4.2
May-22,Delaware,4.5
May-22,District of Columbia,5.7
May-22,Florida,2.9
May-22,Georgia,3
May-22,Hawaii,4.1
May-22,Idaho,2.5
May-22,Illinois,4.6
May-22,Indiana,2.2
May-22,Iowa,2.7
May-22,Kansas,2.3
May-22,Kentucky,3.8
May-22,Louisiana,4
May-22,Maine,3.2
May-22,Maryland,4
May-22,Massachusetts,3.9
May-22,Michigan,4.3
May-22,Minnesota,2
May-22,Mississippi,3.9
May-22,Missouri,3.1
May-22,Montana,2.4
May-22,Nebraska,1.9
May-22,Nevada,4.9
May-22,New Hampshire,2.1
May-22,New Jersey,3.9
May-22,New Mexico,5.1
May-22,New York,4.4
May-22,North Carolina,3.4
May-22,North Dakota,2.6
May-22,Ohio,3.9
May-22,Oklahoma,2.8
May-22,Oregon,3.5
May-22,Pennsylvania,4.6
May-22,Rhode Island,2.9
May-22,South Carolina,3.3
May-22,South Dakota,2.3
May-22,Tennessee,3.3
May-22,Texas,4.2
May-22,Utah,2
May-22,Vermont,2.3
May-22,Virginia,3
May-22,Washington,3.9
May-22,West Virginia,3.5
May-22,Wisconsin,2.9
May-22,Wyoming,3.2
May-22,Puerto Rico,6.2
Jun-22,Alabama,2.6
Jun-22,Alaska,4.6
Jun-22,Arizona,3.3
Jun-22,Arkansas,3.2
Jun-22,California,4.2
Jun-22,Colorado,3.4
Jun-22,Connecticut,4
Jun-22,Delaware,4.5
Jun-22,District of Columbia,5.5
Jun-22,Florida,2.8
Jun-22,Georgia,2.9
Jun-22,Hawaii,4.2
Jun-22,Idaho,2.5
Jun-22,Illinois,4.5
Jun-22,Indiana,2.4
Jun-22,Iowa,2.6
Jun-22,Kansas,2.4
Jun-22,Kentucky,3.7
Jun-22,Louisiana,3.8
Jun-22,Maine,3
Jun-22,Maryland,4
Jun-22,Massachusetts,3.7
Jun-22,Michigan,4.3
Jun-22,Minnesota,1.8
Jun-22,Mississippi,3.8
Jun-22,Missouri,2.8
Jun-22,Montana,2.6
Jun-22,Nebraska,1.9
Jun-22,Nevada,4.7
Jun-22,New Hampshire,2
Jun-22,New Jersey,3.9
Jun-22,New Mexico,4.9
Jun-22,New York,4.4
Jun-22,North Carolina,3.4
Jun-22,North Dakota,2.5
Jun-22,Ohio,3.9
Jun-22,Oklahoma,2.9
Jun-22,Oregon,3.5
Jun-22,Pennsylvania,4.5
Jun-22,Rhode Island,2.7
Jun-22,South Carolina,3.2
Jun-22,South Dakota,2.3
Jun-22,Tennessee,3.3
Jun-22,Texas,4.1
Jun-22,Utah,2
Jun-22,Vermont,2.2
Jun-22,Virginia,2.8
Jun-22,Washington,3.8
Jun-22,West Virginia,3.6
Jun-22,Wisconsin,2.9
Jun-22,Wyoming,3.1
Jun-22,Puerto Rico,6.1
Jul-22,Alabama,2.6
Jul-22,Alaska,4.5
Jul-22,Arizona,3.3
Jul-22,Arkansas,3.3
Jul-22,California,3.9
Jul-22,Colorado,3.3
Jul-22,Connecticut,3.7
Jul-22,Delaware,4.4
Jul-22,District of Columbia,5.2
Jul-22,Florida,2.7
Jul-22,Georgia,2.8
Jul-22,Hawaii,4
Jul-22,Idaho,2.6
Jul-22,Illinois,4.4
Jul-22,Indiana,2.6
Jul-22,Iowa,2.5
Jul-22,Kansas,2.4
Jul-22,Kentucky,3.7
Jul-22,Louisiana,3.7
Jul-22,Maine,2.8
Jul-22,Maryland,3.9
Jul-22,Massachusetts,3.5
Jul-22,Michigan,4.2
Jul-22,Minnesota,1.8
Jul-22,Mississippi,3.6
Jul-22,Missouri,2.5
Jul-22,Montana,2.7
Jul-22,Nebraska,2
Jul-22,Nevada,4.4
Jul-22,New Hampshire,2
Jul-22,New Jersey,3.7
Jul-22,New Mexico,4.5
Jul-22,New York,4.3
Jul-22,North Carolina,3.4
Jul-22,North Dakota,2.3
Jul-22,Ohio,3.9
Jul-22,Oklahoma,2.9
Jul-22,Oregon,3.5
Jul-22,Pennsylvania,4.3
Jul-22,Rhode Island,2.7
Jul-22,South Carolina,3.2
Jul-22,South Dakota,2.3
Jul-22,Tennessee,3.3
Jul-22,Texas,4
Jul-22,Utah,2
Jul-22,Vermont,2.1
Jul-22,Virginia,2.7
Jul-22,Washington,3.7
Jul-22,West Virginia,3.7
Jul-22,Wisconsin,3
Jul-22,Wyoming,3
Jul-22,Puerto Rico,5.9
Aug-22,Alabama,2.6
Aug-22,Alaska,4.6
Aug-22,Arizona,3.5
Aug-22,Arkansas,3.4
Aug-22,California,4.1
Aug-22,Colorado,3.4
Aug-22,Connecticut,4.1
Aug-22,Delaware,4.5
Aug-22,District of Columbia,5.1
Aug-22,Florida,2.7
Aug-22,Georgia,2.8
Aug-22,Hawaii,4
Aug-22,Idaho,2.7
Aug-22,Illinois,4.5
Aug-22,Indiana,2.8
Aug-22,Iowa,2.6
Aug-22,Kansas,2.5
Aug-22,Kentucky,3.8
Aug-22,Louisiana,3.5
Aug-22,Maine,3.1
Aug-22,Maryland,4.3
Aug-22,Massachusetts,3.6
Aug-22,Michigan,4.1
Aug-22,Minnesota,1.9
Aug-22,Mississippi,3.6
Aug-22,Missouri,2.5
Aug-22,Montana,2.8
Aug-22,Nebraska,2.1
Aug-22,Nevada,4.4
Aug-22,New Hampshire,2
Aug-22,New Jersey,4
Aug-22,New Mexico,4.4
Aug-22,New York,4.7
Aug-22,North Carolina,3.5
Aug-22,North Dakota,2.3
Aug-22,Ohio,4
Aug-22,Oklahoma,3.1
Aug-22,Oregon,3.7
Aug-22,Pennsylvania,4.2
Aug-22,Rhode Island,2.8
Aug-22,South Carolina,3.1
Aug-22,South Dakota,2.3
Aug-22,Tennessee,3.4
Aug-22,Texas,4.1
Aug-22,Utah,2
Aug-22,Vermont,2.1
Aug-22,Virginia,2.6
Aug-22,Washington,3.7
Aug-22,West Virginia,3.9
Aug-22,Wisconsin,3.1
Aug-22,Wyoming,3.1
Aug-22,Puerto Rico,5.8
Sep-22,Alabama,2.6
Sep-22,Alaska,4.4
Sep-22,Arizona,3.7
Sep-22,Arkansas,3.5
Sep-22,California,3.9
Sep-22,Colorado,3.4
Sep-22,Connecticut,4
Sep-22,Delaware,4.3
Sep-22,District of Columbia,4.7
Sep-22,Florida,2.5
Sep-22,Georgia,2.8
Sep-22,Hawaii,3.5
Sep-22,Idaho,2.8
Sep-22,Illinois,4.5
Sep-22,Indiana,2.8
Sep-22,Iowa,2.7
Sep-22,Kansas,2.6
Sep-22,Kentucky,3.8
Sep-22,Louisiana,3.4
Sep-22,Maine,3.3
Sep-22,Maryland,4
Sep-22,Massachusetts,3.4
Sep-22,Michigan,4.1
Sep-22,Minnesota,2
Sep-22,Mississippi,3.6
Sep-22,Missouri,2.4
Sep-22,Montana,2.9
Sep-22,Nebraska,2.2
Sep-22,Nevada,4.4
Sep-22,New Hampshire,2.2
Sep-22,New Jersey,3.3
Sep-22,New Mexico,4.2
Sep-22,New York,4.3
Sep-22,North Carolina,3.6
Sep-22,North Dakota,2.2
Sep-22,Ohio,4
Sep-22,Oklahoma,3.2
Sep-22,Oregon,3.8
Sep-22,Pennsylvania,4.1
Sep-22,Rhode Island,3.1
Sep-22,South Carolina,3.2
Sep-22,South Dakota,2.3
Sep-22,Tennessee,3.4
Sep-22,Texas,4
Sep-22,Utah,2.1
Sep-22,Vermont,2.1
Sep-22,Virginia,2.6
Sep-22,Washington,3.7
Sep-22,West Virginia,4
Sep-22,Wisconsin,3.2
Sep-22,Wyoming,3.3
Sep-22,Puerto Rico,0